"docno";"lp";"date_bt_ini";"date_com_as";"date_com_ini";"date_com_out";"date_bt_out";"phase1";"phase2";"phase3";"phase4";"phase_total";"completed";"zustimmg";"election";"leadingcom";"compresOpp";"potLoss_same90";"potGain_same90"
"14/1006";14;"1999-05-06";"1999-06-24";"1999-10-27";"1999-11-03";"1999-11-11";49;125;7;8;189;1;0;0;12;1;0;0
"14/1007";14;"1999-05-06";"1999-06-17";"1999-06-23";"1999-06-24";"1999-06-30";42;6;1;6;55;1;0;0;1;1;0;0
"14/1008";14;"1999-05-06";"1999-06-24";"1999-10-27";"1999-11-03";"1999-11-11";49;125;7;8;189;1;1;0;12;1;0;0
"14/1017";14;"1999-05-07";"1999-06-24";"1999-10-19";"1999-10-19";"1999-11-04";48;117;0;16;181;1;0;0;7;0;0;0
"14/1018";14;"1999-05-07";"1999-06-17";"1999-06-23";"1999-06-23";"1999-06-30";41;6;0;7;54;1;1;0;2;0;0;0
"14/1019";14;"1999-05-07";"1999-06-17";"1999-06-23";"1999-06-23";"1999-06-30";41;6;0;7;54;1;1;0;2;0;0;0
"14/1020";14;"1999-05-07";"1999-06-17";"1999-09-29";"1999-11-03";"1999-11-11";41;104;35;8;188;1;1;0;1;1;0;0
"14/1021";14;"1999-05-07";"1999-06-17";"1999-09-29";"1999-11-03";"1999-11-11";41;104;35;8;188;1;0;0;1;1;0;0
"14/1022";14;"1999-05-07";"1999-06-17";"1999-09-29";"1999-11-03";"1999-11-11";41;104;35;8;188;1;0;0;1;1;0;0
"14/1023";14;"1999-05-07";"1999-06-17";"1999-09-29";"1999-11-03";"1999-11-11";41;104;35;8;188;1;1;0;1;1;0;0
"14/1024";14;"1999-05-07";"1999-06-17";"1999-09-29";"1999-11-03";"1999-11-11";41;104;35;8;188;1;1;0;1;1;0;0
"14/1025";14;"1999-05-07";"1999-06-17";"1999-09-29";"1999-11-03";"1999-11-11";41;104;35;8;188;1;1;0;1;1;0;0
"14/1026";14;"1999-05-07";"1999-06-17";"1999-09-29";"1999-11-03";"1999-11-11";41;104;35;8;188;1;1;0;1;1;0;0
"14/1088";14;"1999-05-28";"1999-06-17";"1999-06-23";"1999-10-06";"1999-10-07";20;6;105;1;132;1;1;0;3;0;0;0
"14/1089";14;"1999-05-28";"1999-06-24";"1999-10-06";"1999-11-03";"1999-11-11";27;104;28;8;167;1;0;0;12;1;0;0
"14/1090";14;"1999-05-28";"1999-06-24";"1999-10-06";"1999-10-18";"1999-11-04";27;104;12;17;160;1;1;0;1;1;0;0
"14/1103";14;"1999-05-27";"1999-06-17";"1999-06-30";"1999-06-30";"1999-06-30";21;13;0;0;34;1;0;0;8;0;0;0
"14/1200";14;"1999-06-22";"1999-06-30";"1999-10-27";"1999-11-11";"2000-01-20";8;119;15;70;212;1;0;0;12;1;0;1
"14/1245";14;"1999-06-23";"1999-06-30";"1999-10-27";"1999-11-03";"1999-11-04";7;119;7;1;134;1;0;0;2;0;0;1
"14/1246";14;"1999-06-23";"1999-06-30";"1999-09-29";"2000-02-21";"2000-02-24";7;91;145;3;246;1;0;0;13;1;0;1
"14/1247";14;"1999-06-23";"1999-06-30";"1999-09-29";"2000-07-05";"2000-07-06";7;91;280;1;379;1;0;0;13;1;0;1
"14/1400";14;"1999-08-13";"1999-09-17";"1999-09-29";"1999-11-18";"1999-11-26";35;12;50;8;105;1;0;0;5;1;0;1
"14/1413";14;"1999-07-19";"1999-09-30";"1999-11-10";"1999-11-30";"1999-12-16";73;41;20;16;150;1;0;0;1;1;0;1
"14/1415";14;"1999-07-20";"1999-09-16";"1999-11-03";"1999-11-09";"1999-11-11";58;48;6;2;114;1;0;0;12;1;0;1
"14/1416";14;"1999-07-20";"1999-09-16";"1999-11-03";"1999-11-18";"1999-11-25";58;48;15;7;128;1;1;0;12;1;0;1
"14/1417";14;"1999-07-20";"1999-09-16";"1999-11-03";"1999-11-18";"1999-11-25";58;48;15;7;128;1;1;0;12;1;0;1
"14/1418";14;"1999-07-20";"1999-09-16";"1999-11-10";"1999-11-10";"1999-11-12";58;55;0;2;115;1;1;0;13;1;0;1
"14/1429";14;"1999-07-21";"1999-09-30";"1999-11-10";"1999-11-23";"1999-11-25";71;41;13;2;127;1;0;0;2;0;0;1
"14/1484";14;"1999-08-16";"1999-10-07";"1999-11-10";"2000-01-27";"2000-01-27";52;34;78;0;164;1;1;0;13;1;0;1
"14/1515";14;"1999-08-27";"1999-09-09";"1999-11-10";"1999-12-14";"1999-12-16";13;62;34;2;111;1;1;0;2;0;0;1
"14/1523";14;"1999-08-31";"1999-09-17";"1999-10-25";"1999-11-09";"1999-11-12";17;38;15;3;73;1;0;0;5;1;0;1
"14/1539";14;"1999-09-07";"1999-09-09";"1999-10-27";"1999-11-03";"1999-11-04";2;48;7;1;58;1;0;0;13;1;0;1
"14/1578";14;"1999-09-10";"1999-10-01";"1999-10-06";"2000-07-03";"2000-07-06";21;5;271;3;300;1;1;0;10;0;0;1
"14/1653";14;"1999-09-27";"1999-10-07";"1999-10-27";"1999-10-29";"1999-11-11";10;20;2;13;45;1;1;0;5;0;0;0
"14/1655";14;"1999-09-27";"1999-10-07";"1999-10-28";"1999-11-10";"1999-11-12";10;21;13;2;46;1;1;0;5;0;0;0
"14/1666";14;"1999-09-29";"1999-10-07";"1999-11-03";"1999-11-10";"1999-11-11";8;27;7;1;43;1;0;0;13;1;0;0
"14/1668";14;"1999-09-29";"1999-09-30";"1999-10-04";"1999-11-09";"1999-11-11";1;4;36;2;43;1;0;0;5;0;0;0
"14/1669";14;"1999-09-29";"1999-09-30";"1999-10-05";"1999-10-05";"1999-10-07";1;5;0;2;8;1;0;0;2;0;0;0
"14/1670";14;"1999-09-29";"1999-09-30";"1999-10-06";"1999-11-09";"1999-11-12";1;6;34;3;44;1;1;0;5;0;0;0
"14/1672";14;"1999-09-29";"1999-10-07";"1999-10-27";"1999-11-02";"1999-11-04";8;20;6;2;36;1;0;0;5;0;0;0
"14/1673";14;"1999-09-29";"1999-10-07";"1999-10-27";"1999-11-03";"1999-11-04";8;20;7;1;36;1;0;0;5;0;0;0
"14/1709";14;"1999-10-04";"1999-10-07";"1999-11-01";"1999-11-01";"1999-11-04";3;25;0;3;31;1;1;0;8;0;0;0
"14/1710";14;"1999-10-04";"1999-10-28";"1999-11-10";"1999-11-23";"1999-11-25";24;13;13;2;52;1;0;0;7;0;0;0
"14/1787";14;"1999-10-08";"1999-11-04";"2000-02-01";"2000-02-01";"2000-02-24";27;89;0;23;139;1;0;0;8;0;0;0
"14/2269";14;"1999-12-01";"1999-12-16";"2000-01-26";"2000-01-26";"2000-01-27";15;41;0;1;57;1;1;0;13;1;0;0
"14/228";14;"1998-12-21";"1999-01-21";"1999-03-03";"1999-03-04";"1999-03-04";31;41;1;0;73;1;1;0;8;1;1;0
"14/229";14;"1998-12-21";"1999-01-28";"1999-02-09";"1999-02-24";"1999-02-24";38;12;15;0;65;1;1;0;2;0;1;0
"14/2292";14;"1999-12-02";"1999-12-15";"2000-01-19";"2000-05-10";"2000-05-12";13;35;112;2;162;1;0;0;2;0;0;0
"14/23";14;"1998-11-09";"1998-11-13";"1998-11-18";"1998-12-02";"1999-03-04";4;5;14;92;115;1;1;0;5;0;0;0
"14/2340";14;"1999-12-13";"1999-12-16";"2000-01-26";"2000-03-22";"2000-03-24";3;41;56;2;102;1;1;0;10;0;0;0
"14/2341";14;"1999-12-13";"1999-12-16";"2000-01-19";"2000-02-23";"2000-02-25";3;34;35;2;74;1;1;0;12;1;0;0
"14/2368";14;"1999-12-14";"2000-01-28";"2000-02-23";"2000-03-14";"2000-03-16";45;26;20;2;93;1;0;0;3;0;0;0
"14/24";14;"1998-11-09";"1998-11-11";"1998-11-13";"1998-12-08";"1998-12-10";2;2;25;2;31;1;1;0;2;0;0;0
"14/2421";14;"1999-12-17";"2000-01-27";"2000-02-23";"2000-02-25";"2000-03-23";41;27;2;27;97;1;1;0;6;1;0;0
"14/2422";14;"1999-12-17";"2000-01-27";"2000-03-22";"2000-04-06";"2000-05-11";41;55;15;35;146;1;1;0;12;1;0;0
"14/2423";14;"1999-12-17";"2000-01-27";"2000-03-22";"2000-04-06";"2000-05-11";41;55;15;35;146;1;1;0;12;1;0;0
"14/2443";14;"1999-12-23";"2000-01-27";"2000-02-23";"2000-02-23";"2000-02-25";35;27;0;2;64;1;1;0;7;0;0;0
"14/2498";14;"2000-01-10";"2000-01-20";"2000-01-31";"2000-01-31";"2000-02-17";10;11;0;17;38;1;0;0;8;0;0;0
"14/2530";14;"2000-01-19";"2000-01-27";"2000-02-16";"2000-04-12";"2000-05-12";8;20;56;30;114;1;1;0;2;0;0;0
"14/2566";14;"2000-01-25";"2000-01-27";"2000-02-16";"2000-02-23";"2000-02-25";2;20;7;2;31;1;1;0;6;1;0;0
"14/2577";14;"2000-01-26";"2000-02-17";"2000-04-05";"2000-05-30";"2000-06-08";22;48;55;9;134;1;1;0;3;0;0;0
"14/2636";14;"2000-01-28";"2000-03-16";"2000-05-10";"2000-05-11";"2000-05-18";48;55;1;7;111;1;1;0;6;1;0;0
"14/2658";14;"2000-02-09";"2000-02-17";"2000-02-23";"2000-04-12";"2000-04-13";8;6;49;1;64;1;0;0;13;1;0;0
"14/2667";14;"2000-02-10";"2000-02-24";"2000-02-25";"2000-05-08";"2000-05-11";14;1;73;3;91;1;1;0;5;0;0;0
"14/2668";14;"2000-02-10";"2000-02-24";"2000-05-10";"2000-10-25";"2000-10-27";14;76;168;2;260;1;1;0;13;1;0;0
"14/2675";14;"2000-02-14";"2000-02-17";"2000-03-15";"2000-03-20";"2000-03-23";3;27;5;3;38;1;1;0;3;0;0;0
"14/2681";14;"2000-02-14";"2000-02-24";"2000-04-12";"2000-05-16";"2000-05-18";10;48;34;2;94;1;1;0;10;0;0;0
"14/2682";14;"2000-02-14";"2000-02-24";"2000-05-10";"2000-10-25";"2000-10-27";10;76;168;2;256;1;0;0;13;1;0;0
"14/2696";14;"2000-02-16";"2000-02-24";"2000-03-15";"2000-03-24";"2000-04-06";8;20;9;13;50;1;0;0;13;1;0;0
"14/2697";14;"2000-02-16";"2000-02-24";"2000-03-15";"2000-03-24";"2000-04-06";8;20;9;13;50;1;0;0;13;1;0;0
"14/2698";14;"2000-02-16";"2000-02-24";"2000-06-07";"2000-06-07";"2000-06-08";8;104;0;1;113;1;0;0;10;0;0;0
"14/2726";14;"2000-02-18";"2000-02-24";"2000-03-15";"2000-03-22";"2000-03-23";6;20;7;1;34;1;1;0;3;0;0;0
"14/2764";14;"2000-02-22";"2000-02-24";"2000-03-22";"2000-03-22";"2000-03-23";2;27;0;1;30;1;1;0;2;0;0;0
"14/2765";14;"2000-02-22";"2000-02-25";"2000-03-13";"2000-03-22";"2000-03-24";3;17;9;2;31;1;0;0;12;1;0;0
"14/280";14;"1999-01-19";"1999-01-22";"1999-01-27";"1999-03-01";"1999-03-04";3;5;33;3;44;1;1;0;2;0;1;0
"14/2919";14;"2000-03-15";"2000-03-23";"2000-04-12";"2000-05-17";"2000-06-08";8;20;35;22;85;1;0;0;7;0;0;0
"14/2958";14;"2000-03-20";"2000-03-23";"2000-04-05";"2000-06-07";"2000-06-09";3;13;63;2;81;1;1;0;2;0;0;0
"14/2959";14;"2000-03-20";"2000-03-24";"2000-04-05";"2000-05-19";"2000-06-09";4;12;44;21;81;1;0;0;13;1;0;0
"14/30";14;"1998-11-11";"1998-11-19";"1998-12-02";"1998-12-04";"1998-12-10";8;13;2;6;29;1;0;0;3;0;1;0
"14/300";14;"1999-02-05";"1999-02-26";"1999-03-03";"1999-04-22";"1999-05-06";21;5;50;14;90;1;0;0;5;1;1;0
"14/3074";14;"2000-03-30";"2000-04-06";"2000-04-21";"2000-05-16";"2000-05-18";7;15;25;2;49;1;1;0;5;0;0;0
"14/3075";14;"2000-03-30";"2000-04-06";"2000-05-10";"2000-05-15";"2000-05-18";7;34;5;3;49;1;0;0;5;0;0;0
"14/3076";14;"2000-03-30";"2000-04-13";"2000-06-28";"2000-07-10";"2000-10-12";14;76;12;94;196;1;0;0;8;0;0;0
"14/3077";14;"2000-03-30";"2000-04-13";"2000-06-07";"2000-06-28";"2000-07-06";14;55;21;8;98;1;1;0;5;0;0;0
"14/3091";14;"2000-03-29";"2000-04-13";"2000-06-28";"2000-07-06";"2000-09-28";15;76;8;84;183;1;1;0;1;1;0;0
"14/3158";14;"2000-04-10";"2000-04-13";"2000-05-10";"2000-05-17";"2000-05-19";3;27;7;2;39;1;0;0;2;0;0;0
"14/3159";14;"2000-04-10";"2000-04-13";"2000-05-10";"2000-05-11";"2000-05-18";3;27;1;7;38;1;1;0;2;0;0;0
"14/3247";14;"2000-04-20";"2000-05-11";"2000-05-17";"2000-05-17";"2000-05-18";21;6;0;1;28;1;0;0;3;0;0;0
"14/3248";14;"2000-04-20";"2000-05-18";"2000-06-28";"2000-06-28";"2000-06-29";28;41;0;1;70;1;1;0;5;0;0;0
"14/3267";14;"2000-04-28";"2000-05-18";"2000-06-05";"2000-06-07";"2000-06-09";20;18;2;2;42;1;0;0;1;1;0;0
"14/3273";14;"2000-05-04";"2000-05-11";"2000-11-08";"2000-11-15";"2000-11-17";7;181;7;2;197;1;1;0;5;0;0;0
"14/3274";14;"2000-05-04";"2000-05-18";"2000-06-07";"2000-07-05";"2000-07-06";14;20;28;1;63;1;0;0;3;0;0;0
"14/33";14;"1998-11-13";"1998-12-03";"1999-01-20";"1999-01-29";"1999-02-14";20;48;9;16;93;1;0;0;13;1;1;0
"14/343";14;"1999-02-01";"1999-02-14";"1999-03-17";"1999-03-24";"1999-03-25";13;31;7;1;52;1;0;0;13;1;1;0
"14/40";14;"1998-11-17";"1998-11-20";"1998-11-24";"1999-02-24";"1999-03-03";3;4;92;7;106;1;0;0;5;0;1;0
"14/45";14;"1998-11-17";"1998-11-20";"1998-11-26";"1998-12-04";"1998-12-10";3;6;8;6;23;1;1;0;2;0;1;0
"14/46";14;"1998-11-17";"1998-11-20";"1998-12-02";"1998-12-04";"1998-12-10";3;12;2;6;23;1;1;0;3;0;1;0
"14/49";14;"1998-11-18";"1998-11-19";"1998-12-02";"1998-12-02";"1998-12-03";1;13;0;1;15;1;1;0;13;1;1;0
"14/5066";14;"2001-01-12";"2001-01-18";"2001-01-19";"2001-04-04";"2001-04-06";6;1;75;2;84;1;0;0;2;0;0;0
"14/5067";14;"2001-01-12";"2001-01-25";"2001-05-30";"2001-06-28";"2001-07-05";13;125;29;7;174;1;0;0;1;1;0;0
"14/5068";14;"2001-01-12";"2001-01-18";"2001-01-19";"2001-01-24";"2001-01-26";6;1;5;2;14;1;0;0;2;0;0;0
"14/5082";14;"2001-01-16";"2001-01-18";"2001-03-14";"2001-03-14";"2001-03-16";2;55;0;2;59;1;1;0;2;0;0;0
"14/513";14;"1999-03-15";"1999-03-18";"1999-04-21";"1999-04-26";"1999-05-04";3;34;5;8;50;1;0;0;5;1;0;0
"14/5166";14;"2001-01-25";"2001-03-08";"2001-06-20";"2001-07-04";"2001-07-06";42;104;14;2;162;1;0;0;13;1;0;0
"14/5198";14;"2001-01-31";"2001-02-15";"2001-03-07";"2001-03-07";"2001-03-08";15;20;0;1;36;1;1;0;3;0;0;0
"14/5204";14;"2001-01-31";"2001-02-15";"2001-03-14";"2001-04-03";"2001-04-05";15;27;20;2;64;1;1;0;7;0;0;0
"14/5219";14;"2001-02-06";"2001-02-08";"2001-02-14";"2001-02-14";"2001-02-15";2;6;0;1;9;1;1;0;6;1;0;0
"14/5395";14;"2001-02-23";"2001-03-15";"2001-03-28";"2001-06-19";"2001-06-21";20;13;83;2;118;1;1;0;2;0;0;0
"14/5399";14;"2001-02-23";"2001-03-15";"2001-03-16";"2001-06-21";"2001-06-21";20;1;97;0;118;1;1;0;10;0;0;0
"14/5429";14;"2001-03-05";"2001-03-08";"2001-04-04";"2001-11-06";"2001-11-08";3;27;216;2;248;1;0;0;13;1;0;0
"14/5436";14;"2001-03-06";"2001-03-15";"2001-03-28";"2001-04-03";"2001-04-05";9;13;6;2;30;1;0;0;8;0;0;0
"14/5437";14;"2001-03-06";"2001-05-17";"2001-06-20";"2001-07-04";"2001-07-05";72;34;14;1;121;1;1;0;13;1;0;0
"14/5438";14;"2001-03-06";"2001-05-17";"2001-06-20";"2001-07-02";"2001-07-05";72;34;12;3;121;1;0;0;13;1;0;0
"14/5439";14;"2001-03-06";"2001-03-15";"2001-06-27";"2001-06-27";"2001-07-05";9;104;0;8;121;1;0;0;2;0;0;0
"14/5440";14;"2001-03-06";"2001-03-15";"2001-04-04";"2001-04-05";"2001-05-17";9;20;1;42;72;1;1;0;3;0;0;0
"14/5441";14;"2001-03-06";"2001-04-05";"2001-05-16";"2001-06-27";"2001-06-29";30;41;42;2;115;1;0;0;12;1;0;0
"14/5531";14;"2001-03-12";"2001-03-29";"2001-04-04";"2001-04-04";"2001-04-06";17;6;0;2;25;1;1;0;2;0;0;0
"14/5593";14;"2001-03-15";"2001-04-05";"2001-05-09";"2001-10-11";"2001-10-11";21;34;155;0;210;1;1;0;2;0;0;0
"14/5594";14;"2001-03-15";"2001-04-05";"2001-05-09";"2001-06-27";"2001-06-29";21;34;49;2;106;1;0;0;13;1;0;0
"14/5640";14;"2001-03-23";"2001-03-29";"2001-04-04";"2001-05-16";"2001-05-18";6;6;42;2;56;1;1;0;2;0;0;0
"14/5641";14;"2001-03-23";"2001-04-05";"2001-06-20";"2001-06-20";"2001-06-21";13;76;0;1;90;1;1;0;7;0;0;0
"14/580";14;"1999-03-19";"1999-03-25";"1999-04-21";"1999-06-22";"1999-06-24";6;27;62;2;97;1;1;0;2;0;0;0
"14/584";14;"1999-03-22";"1999-03-25";"1999-04-21";"1999-05-05";"1999-05-06";3;27;14;1;45;1;1;0;8;0;0;0
"14/6411";14;"2001-06-25";"2001-06-28";"2001-07-04";"2001-07-04";"2001-07-06";3;6;0;2;11;1;1;0;5;0;0;0
"14/6432";14;"2001-06-26";"2001-06-28";"2001-11-07";"2001-11-07";"2001-11-09";2;132;0;2;136;1;1;0;2;0;0;0
"14/6434";14;"2001-06-26";"2001-06-28";"2001-09-28";"2002-02-26";"2002-04-18";2;92;151;51;296;1;0;0;1;1;0;0
"14/6455";14;"2001-06-27";"2001-07-05";"2001-11-14";"2002-02-19";"2002-02-21";8;132;97;2;239;1;0;0;1;1;0;0
"14/6456";14;"2001-06-27";"2001-07-05";"2001-09-25";"2001-10-10";"2001-10-11";8;82;15;1;106;1;1;0;13;1;0;0
"14/6523";14;"2001-07-02";"2001-09-27";"2001-11-14";"2001-12-13";"2002-01-24";87;48;29;42;206;1;1;0;1;1;0;0
"14/6800";14;"2001-08-17";"2001-09-27";"2001-10-10";"2001-11-22";"2001-11-30";41;13;43;8;105;1;0;0;5;1;0;0
"14/6810";14;"2001-08-17";"2001-09-27";"2001-10-16";"2001-10-31";"2001-11-08";41;19;15;8;83;1;0;0;1;1;0;0
"14/6811";14;"2001-08-17";"2001-09-27";"2001-10-17";"2001-11-26";"2001-11-29";41;20;40;3;104;1;0;0;13;1;0;0
"14/6812";14;"2001-08-17";"2001-09-26";"2001-11-05";"2001-11-14";"2001-11-15";40;40;9;1;90;1;0;0;13;1;0;0
"14/6813";14;"2001-08-17";"2001-09-27";"2001-11-07";"2001-11-14";"2001-11-15";41;41;7;1;90;1;1;0;12;1;0;0
"14/6814";14;"2001-08-17";"2001-10-11";"2001-11-14";"2001-12-13";"2001-12-13";55;34;29;0;118;1;1;0;13;1;0;0
"14/684";14;"1999-03-29";"1999-04-22";"1999-06-16";"1999-06-16";"1999-06-17";24;55;0;1;80;1;1;0;12;1;0;0
"14/6852";14;"2001-08-31";"2001-09-27";"2001-10-10";"2001-11-07";"2001-11-09";27;13;28;2;70;1;1;0;3;0;0;0
"14/6853";14;"2001-08-31";"2001-09-27";"2001-10-10";"2001-11-07";"2001-11-09";27;13;28;2;70;0;1;0;10;1;0;0
"14/6855";14;"2001-08-31";"2001-09-27";"2001-10-17";"2001-11-07";"2001-11-08";27;20;21;1;69;1;1;0;13;1;0;0
"14/6877";14;"2001-09-07";"2001-09-25";"2001-10-10";"2001-11-07";"2001-11-09";18;15;28;2;63;1;1;0;5;0;0;0
"14/6878";14;"2001-09-07";"2001-09-27";"2001-10-10";"2001-11-14";"2001-11-15";20;13;35;1;69;1;0;0;7;0;0;0
"14/6879";14;"2001-09-07";"2001-10-11";"2001-11-26";"2002-02-27";"2002-03-01";34;46;93;2;175;1;0;0;5;0;0;0
"14/6881";14;"2001-09-10";"2001-09-26";"2001-10-10";"2001-10-26";"2001-11-09";16;14;16;14;60;1;0;0;8;0;0;0
"14/6882";14;"2001-09-10";"2001-09-25";"2001-10-10";"2001-11-07";"2001-11-09";15;15;28;2;60;1;1;0;5;0;0;0
"14/6883";14;"2001-09-10";"2001-09-25";"2001-10-10";"2001-11-20";"2001-11-27";15;15;41;7;78;1;1;0;5;0;0;0
"14/6884";14;"2001-09-10";"2001-10-11";"2001-10-17";"2002-02-20";"2002-02-22";31;6;126;2;165;1;0;0;13;1;0;0
"14/6893";14;"2001-09-11";"2001-09-26";"2001-12-12";"2001-12-12";"2001-12-14";15;77;0;2;94;1;1;0;2;0;0;0
"14/6929";14;"2001-09-20";"2001-09-27";"2001-10-10";"2002-02-01";"2002-02-21";7;13;114;20;154;1;1;0;1;1;0;0
"14/6944";14;"2001-09-24";"2001-09-27";"2001-10-10";"2001-11-07";"2001-11-09";3;13;28;2;46;1;0;0;2;0;0;0
"14/6949";14;"2001-09-24";"2001-09-26";"2001-11-14";"2001-11-14";"2001-11-15";2;49;0;1;52;0;1;0;2;0;0;0
"14/70";14;"1998-11-20";"1998-12-03";"1998-12-09";"1998-12-09";"1998-12-10";13;6;0;1;20;1;1;0;8;0;1;0
"14/7007";14;"2001-10-01";"2001-11-08";"2001-12-12";"2002-03-13";"2002-03-21";38;34;91;8;171;1;0;0;7;0;0;0
"14/7008";14;"2001-10-01";"2001-10-11";"2001-11-07";"2001-11-28";"2001-11-30";10;27;21;2;60;1;0;0;13;1;0;0
"14/7009";14;"2001-10-01";"2001-10-11";"2001-10-17";"2001-11-07";"2001-11-08";10;6;21;1;38;1;0;0;10;0;0;0
"14/7010";14;"2001-10-01";"2001-10-11";"2001-11-14";"2001-11-14";"2001-11-15";10;34;0;1;45;1;0;0;5;1;0;0
"14/7011";14;"2001-10-01";"2001-10-11";"2001-10-17";"2001-11-07";"2001-11-08";10;6;21;1;38;1;0;0;10;0;0;0
"14/7012";14;"2001-10-01";"2001-10-11";"2001-10-17";"2001-11-07";"2001-11-08";10;6;21;1;38;1;0;0;10;0;0;0
"14/7013";14;"2001-10-01";"2001-10-11";"2001-11-07";"2001-12-12";"2001-12-13";10;27;35;1;73;1;1;0;1;1;0;0
"14/7024";14;"2001-10-04";"2001-10-12";"2001-11-07";"2002-01-23";"2002-01-25";8;26;77;2;113;1;0;0;12;1;0;0
"14/7025";14;"2001-10-04";"2001-10-11";"2001-11-07";"2002-04-24";"2002-04-26";7;27;168;2;204;1;0;0;13;1;0;0
"14/7026";14;"2001-10-04";"2001-10-11";"2001-11-07";"2001-11-07";"2001-11-09";7;27;0;2;36;1;0;0;3;0;0;0
"14/7027";14;"2001-10-04";"2001-10-18";"2001-11-07";"2001-11-14";"2001-12-13";14;20;7;29;70;1;1;0;5;1;0;0
"14/7033";14;"2001-10-05";"2001-10-11";"2001-10-12";"2002-02-27";"2002-03-01";6;1;138;2;147;1;0;0;5;0;0;0
"14/7034";14;"2001-10-05";"2001-10-11";"2001-10-18";"2001-11-14";"2001-11-15";6;7;27;1;41;1;0;0;5;0;0;0
"14/7035";14;"2001-10-05";"2001-10-11";"2001-11-07";"2001-11-13";"2001-11-15";6;27;6;2;41;1;0;0;13;1;0;0
"14/7036";14;"2001-10-05";"2001-10-18";"2001-11-07";"2001-11-16";"2001-11-29";13;20;9;13;55;1;1;0;12;1;0;0
"14/7037";14;"2001-10-05";"2001-10-18";"2001-12-12";"2002-01-23";"2002-01-31";13;55;42;8;118;1;1;0;12;1;0;0
"14/7038";14;"2001-10-05";"2001-10-18";"2001-12-12";"2001-12-17";"2002-01-31";13;55;5;45;118;1;0;0;5;0;0;0
"14/7039";14;"2001-10-05";"2001-10-18";"2001-11-07";"2001-11-07";"2001-11-08";13;20;0;1;34;1;1;0;5;0;0;0
"14/7040";14;"2001-10-05";"2001-10-18";"2001-12-12";"2001-12-19";"2002-01-31";13;55;7;43;118;1;1;0;5;0;0;0
"14/7041";14;"2001-10-05";"2001-10-18";"2001-11-07";"2001-11-07";"2001-11-08";13;20;0;1;34;1;1;0;5;0;0;0
"14/7042";14;"2001-10-05";"2001-10-18";"2001-11-07";"2001-11-14";"2001-11-29";13;20;7;15;55;1;1;0;12;1;0;0
"14/7043";14;"2001-10-05";"2001-10-18";"2001-11-07";"2001-11-16";"2001-11-29";13;20;9;13;55;1;1;0;12;1;0;0
"14/7044";14;"2001-10-05";"2001-10-18";"2001-11-14";"2001-11-26";"2001-11-29";13;27;12;3;55;1;0;0;13;1;0;0
"14/7045";14;"2001-10-05";"2001-10-18";"2001-11-14";"2001-12-03";"2002-01-24";13;27;19;52;111;1;0;0;7;0;0;0
"14/7046";14;"2001-10-05";"2001-10-18";"2002-01-30";"2002-01-30";"2002-02-21";13;104;0;22;139;1;1;0;2;0;0;0
"14/7053";14;"2001-10-05";"2001-10-18";"2001-11-14";"2001-11-14";"2001-11-15";13;27;0;1;41;1;1;0;8;1;0;0
"14/7062";14;"2001-10-09";"2001-10-12";"2001-10-16";"2001-11-07";"2001-11-09";3;4;22;2;31;1;0;0;5;0;0;0
"14/7063";14;"2001-10-09";"2001-10-12";"2001-11-09";"2001-11-27";"2001-11-30";3;28;18;3;52;1;1;0;5;0;0;0
"14/7093";14;"2001-10-10";"2001-10-18";"2001-11-14";"2001-12-12";"2001-12-13";8;27;28;1;64;1;1;0;12;1;0;0
"14/7094";14;"2001-10-10";"2001-11-08";"2001-11-14";"2001-11-14";"2001-11-15";29;6;0;1;36;1;1;0;10;1;0;0
"14/7095";14;"2001-10-10";"2001-10-18";"2001-11-07";"2001-11-13";"2001-11-15";8;20;6;2;36;1;1;0;3;0;0;0
"14/7096";14;"2001-10-10";"2001-11-08";"2002-04-24";"2002-04-24";"2002-04-25";29;167;0;1;197;1;1;0;3;0;0;0
"14/7097";14;"2001-10-10";"2001-10-18";"2001-11-07";"2001-11-07";"2001-11-09";8;20;0;2;30;1;1;0;3;0;0;0
"14/7144";14;"2001-10-16";"2001-10-19";"2001-11-07";"2001-12-12";"2001-12-14";3;19;35;2;59;1;0;0;2;0;0;0
"14/7153";14;"2001-10-17";"2001-11-08";"2001-11-14";"2001-11-14";"2001-11-15";22;6;0;1;29;1;1;0;6;1;0;0
"14/7176";14;"2001-10-17";"2002-01-24";"2002-03-20";"2002-03-20";"2002-03-21";99;55;0;1;155;1;1;0;13;1;0;0
"14/745";14;"1999-04-12";"1999-04-22";"1999-06-11";"1999-06-29";"1999-07-01";10;50;18;2;80;1;1;0;13;1;0;0
"14/748";14;"1999-04-12";"1999-04-22";"1999-06-16";"1999-06-16";"1999-06-17";10;55;0;1;66;1;1;0;5;0;0;0
"14/8043";14;"2002-01-23";"2002-01-31";"2002-02-20";"2002-02-22";"2002-02-28";8;20;2;6;36;1;1;0;2;0;0;0
"14/8044";14;"2002-01-23";"2002-01-31";"2002-02-20";"2002-02-26";"2002-02-28";8;20;6;2;36;1;0;0;1;1;0;0
"14/8099";14;"2002-01-29";"2002-02-01";"2002-02-20";"2002-02-27";"2002-03-01";3;19;7;2;31;1;0;0;2;0;0;0
"14/8172";14;"2002-01-31";"2002-02-21";"2002-02-27";"2002-03-14";"2002-04-18";21;6;15;35;77;1;1;0;1;1;0;0
"14/8199";14;"2002-02-06";"2002-03-14";"2002-05-15";"2002-07-03";"2002-07-04";36;62;49;1;148;1;0;0;3;0;0;0
"14/8211";14;"2002-02-11";"2002-02-21";"2002-02-27";"2002-03-13";"2002-03-14";10;6;14;1;31;1;1;0;12;1;0;0
"14/8212";14;"2002-02-11";"2002-02-21";"2002-02-27";"2002-02-27";"2002-02-28";10;6;0;1;17;1;1;0;2;0;0;0
"14/8213";14;"2002-02-11";"2002-02-28";"2002-04-17";"2002-04-17";"2002-04-18";17;48;0;1;66;1;1;0;5;0;0;0
"14/8214";14;"2002-02-11";"2002-02-21";"2002-02-27";"2002-03-13";"2002-03-15";10;6;14;2;32;1;0;0;2;0;0;0
"14/8215";14;"2002-02-11";"2002-02-28";"2002-03-13";"2002-03-20";"2002-04-18";17;13;7;29;66;1;0;0;1;1;0;0
"14/8216";14;"2002-02-11";"2002-02-28";"2002-03-13";"2002-03-20";"2002-04-18";17;13;7;29;66;1;1;0;1;1;0;0
"14/8217";14;"2002-02-11";"2002-02-28";"2002-03-20";"2002-03-20";"2002-04-18";17;20;0;29;66;1;1;0;7;0;0;0
"14/8218";14;"2002-02-11";"2002-02-28";"2002-03-13";"2002-03-19";"2002-03-21";17;13;6;2;38;1;1;0;7;0;0;0
"14/8219";14;"2002-02-11";"2002-02-28";"2002-03-13";"2002-03-20";"2002-04-18";17;13;7;29;66;1;1;0;1;1;0;0
"14/8220";14;"2002-02-11";"2002-02-28";"2002-03-13";"2002-03-20";"2002-04-18";17;13;7;29;66;1;1;0;1;1;0;0
"14/8221";14;"2002-02-11";"2002-02-22";"2002-02-27";"2002-03-20";"2002-03-22";11;5;21;2;39;1;1;0;2;0;0;0
"14/8223";14;"2002-02-11";"2002-02-28";"2002-03-20";"2002-03-20";"2002-03-22";17;20;0;2;39;1;0;0;6;1;0;0
"14/8224";14;"2002-02-11";"2002-02-28";"2002-03-13";"2002-03-20";"2002-04-18";17;13;7;29;66;1;1;0;1;1;0;0
"14/8225";14;"2002-02-11";"2002-03-14";"2002-03-20";"2002-04-19";"2002-04-25";31;6;30;6;73;1;0;0;8;0;0;0
"14/8230";14;"2002-02-13";"2002-02-21";"2002-02-27";"2002-05-15";"2002-05-17";8;6;77;2;93;1;1;0;2;0;0;0
"14/8231";14;"2002-02-13";"2002-02-21";"2002-04-24";"2002-04-24";"2002-04-26";8;62;0;2;72;1;1;0;7;0;0;0
"14/8250";14;"2002-02-15";"2002-02-21";"2002-02-27";"2002-03-19";"2002-03-22";6;6;20;3;35;1;0;0;7;0;0;0
"14/8276";14;"2002-02-20";"2002-02-28";"2002-03-13";"2002-05-15";"2002-05-17";8;13;63;2;86;1;0;0;13;1;0;0
"14/8277";14;"2002-02-20";"2002-02-28";"2002-04-24";"2002-04-24";"2002-04-25";8;55;0;1;64;1;1;0;13;1;0;0
"14/8285";14;"2002-02-20";"2002-02-21";"2002-02-25";"2002-04-24";"2002-04-26";1;4;58;2;65;0;1;0;12;1;0;0
"14/8286";14;"2002-02-20";"2002-02-28";"2002-03-13";"2002-04-24";"2002-04-26";8;13;42;2;65;1;1;0;5;0;0;0
"14/8343";14;"2002-02-25";"2002-02-28";"2002-04-24";"2002-04-24";"2002-04-26";3;55;0;2;60;1;1;0;7;0;0;0
"14/8359";14;"2002-02-26";"2002-02-28";"2002-03-13";"2002-03-25";"2002-04-18";2;13;12;24;51;1;0;0;10;1;0;0
"14/8361";14;"2002-02-26";"2002-03-01";"2002-04-24";"2002-04-24";"2002-04-25";3;54;0;1;58;1;1;0;10;1;0;0
"14/8386";14;"2002-02-27";"2002-03-21";"2002-04-24";"2002-04-24";"2002-04-26";22;34;0;2;58;1;1;0;12;1;0;0
"14/8387";14;"2002-02-27";"2002-03-14";"2002-04-17";"2002-04-24";"2002-04-25";15;34;7;1;57;1;0;0;2;0;0;0
"14/8388";14;"2002-02-27";"2002-03-21";"2002-05-15";"2002-05-15";"2002-05-17";22;55;0;2;79;1;1;0;12;1;0;0
"14/8447";14;"2002-03-06";"2002-03-14";"2002-03-20";"2002-05-15";"2002-05-17";8;6;56;2;72;1;1;0;1;1;0;0
"14/8448";14;"2002-03-06";"2002-03-14";"2002-03-20";"2002-04-24";"2002-05-17";8;6;35;23;72;1;1;0;1;1;0;0
"14/8449";14;"2002-03-06";"2002-03-14";"2002-03-20";"2002-05-15";"2002-05-17";8;6;56;2;72;0;1;0;1;1;0;0
"14/8450";14;"2002-03-06";"2002-03-14";"2002-04-24";"2002-04-24";"2002-04-25";8;41;0;1;50;1;1;0;7;0;0;0
"14/8465";14;"2002-03-08";"2002-03-14";"2002-03-20";"2002-04-23";"2002-04-26";6;6;34;3;49;1;0;0;10;1;0;0
"14/8524";14;"2002-03-13";"2002-03-22";"2002-04-17";"2002-04-24";"2002-04-25";9;26;7;1;43;1;0;0;13;1;0;0
"14/8525";14;"2002-03-13";"2002-03-21";"2002-04-24";"2002-04-24";"2002-04-26";8;34;0;2;44;1;0;0;10;0;0;0
"14/8526";14;"2002-03-13";"2002-03-21";"2002-04-17";"2002-04-17";"2002-04-25";8;27;0;8;43;1;0;0;6;1;0;0
"14/8527";14;"2002-03-13";"2002-03-22";"2002-04-17";"2002-04-24";"2002-04-25";9;26;7;1;43;1;1;0;13;1;0;0
"14/8585";14;"2002-03-19";"2002-03-21";"2002-04-17";"2002-05-15";"2002-05-17";2;27;28;2;59;1;0;0;6;1;0;0
"14/8586";14;"2002-03-19";"2002-03-22";"2002-06-05";"2002-06-05";"2002-06-07";3;75;0;2;80;1;0;0;13;1;0;0
"14/864";14;"1999-04-29";"1999-06-17";"1999-06-30";"1999-09-27";"1999-09-30";49;13;89;3;154;1;1;0;5;0;0;0
"14/8709";14;"2002-03-27";"2002-04-25";"2002-05-15";"2002-05-15";"2002-05-16";29;20;0;1;50;1;0;0;3;0;0;0
"14/8710";14;"2002-03-27";"2002-04-25";"2002-05-15";"2002-06-26";"2002-07-04";29;20;42;8;99;1;1;0;8;0;0;0
"14/8711";14;"2002-03-27";"2002-04-18";"2002-04-24";"2002-06-05";"2002-06-07";22;6;42;2;72;1;0;0;5;0;0;0
"14/873";14;"1999-04-30";"1999-05-06";"1999-06-16";"1999-06-22";"1999-06-24";6;41;6;2;55;1;0;0;2;0;0;0
"14/8730";14;"2002-04-04";"2002-04-18";"2002-04-24";"2002-05-15";"2002-05-17";14;6;21;2;43;1;0;0;1;1;0;0
"14/8731";14;"2002-04-04";"2002-04-18";"2002-04-24";"2002-05-15";"2002-05-17";14;6;21;2;43;0;0;0;1;1;0;0
"14/8733";14;"2002-04-04";"2002-04-18";"2002-05-15";"2002-05-15";"2002-05-16";14;27;0;1;42;1;0;0;10;0;0;0
"14/8738";14;"2002-04-08";"2002-04-18";"2002-04-19";"2002-05-15";"2002-05-17";10;1;26;2;39;0;1;0;6;1;0;0
"14/8739";14;"2002-04-08";"2002-04-18";"2002-04-24";"2002-06-05";"2002-06-13";10;6;42;8;66;1;1;0;3;0;0;0
"14/8747";14;"2002-04-08";"2002-04-18";"2002-04-19";"2002-05-15";"2002-05-17";10;1;26;2;39;1;1;0;6;1;0;0
"14/8763";14;"2002-04-11";"2002-04-18";"2002-04-24";"2002-06-05";"2002-06-07";7;6;42;2;57;1;0;0;13;1;0;0
"14/8764";14;"2002-04-11";"2002-04-18";"2002-05-15";"2002-05-15";"2002-05-16";7;27;0;1;35;1;1;0;5;1;0;0
"14/8766";14;"2002-04-11";"2002-04-18";"2002-04-24";"2002-05-15";"2002-05-17";7;6;21;2;36;1;1;0;1;1;0;0
"14/8768";14;"2002-04-11";"2002-04-18";"2002-04-24";"2002-04-25";"2002-04-26";7;6;1;1;15;1;1;0;6;1;0;0
"14/8769";14;"2002-04-11";"2002-04-19";"2002-04-24";"2002-05-15";"2002-05-17";8;5;21;2;36;1;0;0;13;1;0;0
"14/8770";14;"2002-04-11";"2002-04-18";"2002-04-24";"2002-05-15";"2002-05-17";7;6;21;2;36;1;1;0;13;1;0;0
"14/8771";14;"2002-04-11";"2002-04-25";"2002-05-15";"2002-05-15";"2002-05-16";14;20;0;1;35;1;0;0;3;0;0;0
"14/8781";14;"2002-04-16";"2002-04-18";"2002-05-15";"2002-05-15";"2002-05-17";2;27;0;2;31;1;1;0;1;1;0;0
"14/8796";14;"2002-04-17";"2002-04-25";"2002-05-15";"2002-06-05";"2002-06-07";8;20;21;2;51;1;1;0;12;1;0;0
"14/898";14;"1999-05-03";"1999-05-04";"1999-06-23";"1999-06-23";"1999-06-24";1;50;0;1;52;1;1;0;2;0;0;0
"14/907";14;"1999-05-04";"1999-05-06";"1999-06-02";"1999-06-16";"1999-06-17";2;27;14;1;44;1;0;0;8;1;0;0
"14/979";14;"1999-05-04";"1999-06-17";"1999-06-29";"1999-10-27";"1999-10-29";44;12;120;2;178;1;0;0;13;1;0;0
"14/980";14;"1999-05-04";"1999-06-17";"1999-06-23";"1999-06-29";"1999-09-09";44;6;6;72;128;1;0;0;13;1;0;0
"14/9894";14;"2002-08-26";"2002-08-29";"2002-09-09";"2002-09-10";"2002-09-12";3;11;1;2;17;1;1;1;5;0;0;0
"15/1187";15;"2003-06-23";"2003-06-26";"2003-07-02";"2003-10-15";"2003-10-23";3;6;105;8;122;1;0;0;8;1;0;0
"15/1188";15;"2003-06-23";"2003-06-26";"2003-07-02";"2003-07-03";"2003-09-09";3;6;1;68;78;1;1;0;5;0;0;0
"15/1205";15;"2003-06-24";"2003-06-26";"2003-07-02";"2003-07-02";"2003-07-03";2;6;0;1;9;1;1;0;3;0;0;0
"15/1206";15;"2003-06-24";"2003-06-27";"2003-11-25";"2003-11-25";"2003-11-27";3;151;0;2;156;1;1;0;12;0;0;0
"15/1222";15;"2003-06-25";"2003-06-26";"2003-07-02";"2003-07-02";"2003-07-04";1;6;0;2;9;1;0;0;6;0;0;0
"15/124";15;"2002-12-02";"2002-12-05";"2002-12-18";"2003-01-15";"2003-01-17";3;13;28;2;46;1;0;0;2;0;0;0
"15/1241";15;"2003-06-25";"2003-07-03";"2003-09-24";"2003-09-24";"2003-09-25";8;83;0;1;92;1;1;0;12;0;0;0
"15/1313";15;"2003-07-01";"2003-07-03";"2003-07-04";"2003-10-15";"2003-10-17";2;1;103;2;108;1;0;0;5;0;0;0
"15/1468";15;"2003-08-06";"2003-11-06";"2003-11-12";"2003-11-12";"2003-11-14";92;6;0;2;100;1;0;0;12;0;0;0
"15/1473";15;"2003-08-06";"2003-09-25";"2003-10-15";"2003-10-23";"2003-11-13";50;20;8;21;99;1;1;0;7;0;0;0
"15/1487";15;"2003-08-22";"2003-09-25";"2003-10-15";"2004-03-26";"2004-04-01";34;20;163;6;223;1;0;0;13;1;0;0
"15/149";15;"2002-11-22";"2002-12-05";"2002-12-17";"2002-12-17";"2002-12-19";13;12;0;2;27;1;0;0;5;1;0;0
"15/150";15;"2002-11-29";"2002-12-05";"2003-01-16";"2003-03-03";"2003-03-20";6;42;46;17;111;1;0;0;5;1;0;0
"15/1500";15;"2003-08-15";"2003-09-12";"2003-10-15";"2003-11-21";"2003-11-28";28;33;37;7;105;1;0;0;5;1;0;0
"15/1502";15;"2003-09-08";"2003-09-09";"2003-09-12";"2003-10-15";"2003-10-17";1;3;33;2;39;1;1;0;5;1;0;0
"15/1506";15;"2003-09-02";"2003-09-25";"2003-09-26";"2003-11-10";"2003-11-13";23;1;45;3;72;1;0;0;10;0;0;0
"15/1507";15;"2003-09-02";"2003-09-25";"2003-10-15";"2003-11-03";"2003-11-06";23;20;19;3;65;1;1;0;13;1;0;0
"15/1509";15;"2003-09-02";"2003-09-09";"2003-09-11";"2003-09-24";"2003-09-26";7;2;13;2;24;1;0;0;12;0;0;0
"15/1514";15;"2003-09-05";"2003-09-09";"2003-09-12";"2003-10-15";"2003-10-17";4;3;33;2;42;1;1;0;2;0;0;0
"15/1516";15;"2003-09-05";"2003-09-11";"2003-09-24";"2003-10-15";"2003-10-17";6;13;21;2;42;1;1;0;12;0;0;0
"15/1517";15;"2003-09-08";"2003-09-09";"2003-09-11";"2003-10-15";"2003-10-17";1;2;34;2;39;1;1;0;5;0;0;0
"15/1518";15;"2003-09-08";"2003-09-09";"2003-09-11";"2003-10-14";"2003-10-17";1;2;33;3;39;1;1;0;5;0;0;0
"15/1519";15;"2003-09-08";"2003-09-09";"2003-09-24";"2003-10-16";"2003-10-16";1;15;22;0;38;1;1;0;6;0;0;0
"15/1521";15;"2003-09-08";"2003-09-25";"2003-10-13";"2003-10-15";"2003-10-17";17;18;2;2;39;1;1;0;5;0;0;0
"15/1522";15;"2003-09-08";"2003-09-25";"2003-10-15";"2003-10-15";"2003-10-16";17;20;0;1;38;1;0;0;1;1;0;0
"15/1552";15;"2003-09-18";"2003-09-25";"2003-10-15";"2003-10-22";"2003-10-23";7;20;7;1;35;1;1;0;13;1;0;0
"15/1553";15;"2003-09-19";"2003-09-25";"2003-09-26";"2003-11-05";"2003-11-07";6;1;40;2;49;1;1;0;5;0;0;0
"15/197";15;"2002-12-17";"2002-12-19";"2003-01-29";"2003-02-12";"2003-02-14";2;41;14;2;59;1;1;0;12;0;0;0
"15/199";15;"2002-12-17";"2002-12-19";"2003-01-29";"2003-02-11";"2003-03-13";2;41;13;30;86;1;0;0;1;1;0;0
"15/21";15;"2002-11-05";"2002-11-07";"2002-11-12";"2002-11-13";"2002-11-14";2;5;1;1;9;1;0;0;5;0;0;0
"15/2109";15;"2003-12-01";"2003-12-11";"2003-12-12";"2004-03-31";"2004-04-02";10;1;110;2;123;1;1;0;2;0;0;0
"15/2143";15;"2003-12-08";"2003-12-11";"2004-01-28";"2004-01-28";"2004-01-29";3;48;0;1;52;1;1;0;6;0;0;0
"15/2145";15;"2003-12-08";"2003-12-11";"2004-01-14";"2004-01-28";"2004-01-29";3;34;14;1;52;1;1;0;3;0;0;0
"15/2147";15;"2003-12-08";"2004-01-15";"2004-03-03";"2004-04-26";"2004-05-06";38;48;54;10;150;1;1;0;7;0;0;0
"15/2149";15;"2003-12-09";"2003-12-12";"2004-03-10";"2004-03-10";"2004-03-11";3;89;0;1;93;1;0;0;2;0;0;0
"15/2250";15;"2003-12-17";"2004-01-15";"2004-01-28";"2004-04-28";"2004-04-30";29;13;91;2;135;1;1;0;1;1;0;0
"15/2251";15;"2003-12-17";"2004-01-29";"2004-02-11";"2004-04-28";"2004-04-29";43;13;77;1;134;1;0;0;13;1;0;0
"15/2253";15;"2003-12-17";"2004-01-15";"2004-01-28";"2004-02-12";"2004-02-12";29;13;15;0;57;1;0;0;13;1;0;0
"15/2254";15;"2003-12-17";"2004-01-15";"2004-01-28";"2004-01-29";"2004-02-12";29;13;1;14;57;1;1;0;13;1;0;0
"15/2255";15;"2003-12-17";"2004-01-15";"2004-01-28";"2004-01-29";"2004-02-12";29;13;1;14;57;1;1;0;13;1;0;0
"15/2284";15;"2003-12-22";"2004-01-15";"2004-01-28";"2004-01-30";"2004-02-12";24;13;2;13;52;1;1;0;1;1;0;0
"15/2285";15;"2003-12-22";"2004-01-29";"2004-02-11";"2004-02-11";"2004-02-12";38;13;0;1;52;1;0;0;13;1;0;0
"15/2286";15;"2003-12-22";"2004-01-15";"2004-01-28";"2004-01-30";"2004-03-04";24;13;2;34;73;1;0;0;3;0;0;0
"15/2293";15;"2003-12-22";"2004-01-15";"2004-01-28";"2004-02-11";"2004-02-12";24;13;14;1;52;1;1;0;6;0;0;0
"15/2316";15;"2004-01-09";"2004-01-15";"2004-01-28";"2004-03-10";"2004-03-12";6;13;42;2;63;1;1;0;12;0;0;0
"15/2350";15;"2004-01-14";"2004-01-29";"2004-02-11";"2004-05-04";"2004-05-06";15;13;83;2;113;1;1;0;2;0;0;0
"15/2359";15;"2004-01-14";"2004-01-29";"2004-02-11";"2004-02-11";"2004-02-12";15;13;0;1;29;1;0;0;13;1;0;0
"15/2361";15;"2004-01-14";"2004-01-30";"2004-04-26";"2004-06-16";"2004-06-18";16;87;51;2;156;1;1;0;3;0;0;0
"15/2378";15;"2004-01-26";"2004-01-29";"2004-02-11";"2004-03-10";"2004-03-11";3;13;28;1;45;1;0;0;12;0;0;0
"15/2410";15;"2004-01-28";"2004-02-12";"2004-03-31";"2004-03-31";"2004-04-01";15;48;0;1;64;1;1;0;7;0;0;0
"15/25";15;"2002-11-05";"2002-11-07";"2002-11-12";"2002-11-13";"2002-11-15";2;5;1;2;10;1;1;0;12;0;0;0
"15/2520";15;"2004-02-13";"2004-03-04";"2004-03-08";"2004-03-10";"2004-03-11";20;4;2;1;27;1;0;0;6;0;0;0
"15/2536";15;"2004-02-18";"2004-03-03";"2004-03-03";"2004-03-03";"2004-03-04";14;0;0;1;15;1;0;0;13;1;0;0
"15/2537";15;"2004-02-18";"2004-03-04";"2004-03-10";"2004-05-05";"2004-05-07";15;6;56;2;79;1;0;0;12;0;0;0
"15/2538";15;"2004-02-18";"2004-03-04";"2004-03-10";"2004-03-10";"2004-03-12";15;6;0;2;23;1;1;0;1;1;0;0
"15/2539";15;"2004-02-18";"2004-03-04";"2004-03-08";"2004-03-31";"2004-04-02";15;4;23;2;44;1;0;0;7;0;0;0
"15/2540";15;"2004-02-18";"2004-03-04";"2004-03-10";"2004-03-10";"2004-03-12";15;6;0;2;23;1;1;0;7;0;0;0
"15/2542";15;"2004-02-18";"2004-03-04";"2004-03-10";"2004-03-23";"2004-03-25";15;6;13;2;36;1;0;0;12;0;0;0
"15/2543";15;"2004-02-18";"2004-03-04";"2004-03-10";"2004-03-10";"2004-03-11";15;6;0;1;22;1;1;0;3;0;0;0
"15/2544";15;"2004-02-18";"2004-03-04";"2004-03-24";"2004-03-24";"2004-04-01";15;20;0;8;43;1;1;0;6;0;0;0
"15/2545";15;"2004-02-18";"2004-03-04";"2004-03-10";"2004-03-11";"2004-03-25";15;6;1;14;36;1;0;0;3;0;0;0
"15/2546";15;"2004-02-18";"2004-03-04";"2004-03-31";"2004-03-31";"2004-04-01";15;27;0;1;43;1;0;0;13;1;0;0
"15/2549";15;"2004-02-19";"2004-03-04";"2004-03-31";"2004-03-31";"2004-04-01";14;27;0;1;42;1;0;0;13;1;0;0
"15/2553";15;"2004-02-20";"2004-03-05";"2004-03-22";"2004-03-31";"2004-04-01";14;17;9;1;41;1;1;0;6;0;0;0
"15/2563";15;"2004-02-26";"2004-03-04";"2004-03-10";"2004-04-28";"2004-04-29";7;6;49;1;63;1;1;0;5;0;0;0
"15/26";15;"2002-11-05";"2002-11-07";"2002-11-12";"2002-11-13";"2002-11-15";2;5;1;2;10;1;1;0;12;0;0;0
"15/27";15;"2002-11-05";"2002-11-07";"2002-11-12";"2002-11-13";"2002-11-15";2;5;1;2;10;1;1;0;2;0;0;0
"15/2700";15;"2004-03-15";"2004-03-25";"2004-04-28";"2004-05-05";"2004-05-06";10;34;7;1;52;1;1;0;1;1;0;0
"15/2720";15;"2004-03-17";"2004-03-25";"2004-03-31";"2004-10-27";"2004-10-29";8;6;210;2;226;1;0;0;5;1;0;0
"15/2721";15;"2004-03-17";"2004-03-25";"2004-03-31";"2004-03-31";"2004-04-01";8;6;0;1;15;1;1;0;5;0;0;0
"15/2723";15;"2004-03-17";"2004-04-29";"2004-05-26";"2004-05-26";"2004-05-27";43;27;0;1;71;1;1;0;8;1;0;0
"15/2724";15;"2004-03-17";"2004-04-01";"2004-04-28";"2004-04-28";"2004-04-29";15;27;0;1;43;1;0;0;3;0;0;0
"15/2769";15;"2004-03-24";"2004-04-01";"2004-04-28";"2004-04-30";"2004-05-06";8;27;2;6;43;1;0;0;1;1;0;0
"15/28";15;"2002-11-05";"2002-11-07";"2002-11-12";"2002-11-13";"2002-11-15";2;5;1;2;10;1;1;0;2;0;0;0
"15/2816";15;"2004-03-30";"2004-04-02";"2004-04-26";"2004-04-28";"2004-04-29";3;24;2;1;30;1;1;0;12;0;0;0
"15/2820";15;"2004-03-30";"2004-04-01";"2004-04-02";"2004-05-05";"2004-05-07";2;1;33;2;38;0;1;0;10;1;0;0
"15/287";15;"2003-01-10";"2003-01-16";"2003-01-29";"2003-02-19";"2003-02-21";6;13;21;2;42;1;1;0;5;0;0;0
"15/2887";15;"2004-04-02";"2004-04-29";"2004-06-16";"2004-06-16";"2004-06-18";27;48;0;2;77;1;0;0;13;1;0;0
"15/2925";15;"2004-04-19";"2004-04-29";"2004-05-05";"2004-05-05";"2004-05-06";10;6;0;1;17;1;1;0;5;0;0;0
"15/2926";15;"2004-04-19";"2004-05-06";"2004-05-26";"2004-07-05";"2004-09-07";17;20;40;64;141;1;0;0;8;1;0;0
"15/2943";15;"2004-04-22";"2004-04-29";"2004-05-05";"2004-05-05";"2004-05-06";7;6;0;1;14;1;1;0;6;0;0;0
"15/2944";15;"2004-04-22";"2004-04-29";"2004-05-07";"2004-05-07";"2004-05-27";7;8;0;20;35;1;1;0;8;0;0;0
"15/2946";15;"2004-04-22";"2004-04-29";"2004-05-05";"2004-06-30";"2004-07-01";7;6;56;1;70;1;0;0;13;1;0;0
"15/2947";15;"2004-04-22";"2004-05-06";"2004-05-26";"2004-05-26";"2004-05-27";14;20;0;1;35;1;0;0;13;1;0;0
"15/2948";15;"2004-04-22";"2004-04-29";"2004-05-05";"2004-05-05";"2004-05-06";7;6;0;1;14;1;1;0;5;0;0;0
"15/2949";15;"2004-04-22";"2004-05-06";"2004-05-26";"2004-05-26";"2004-05-27";14;20;0;1;35;1;0;0;13;1;0;0
"15/2950";15;"2004-04-22";"2004-07-01";"2004-09-22";"2004-09-27";"2004-10-21";70;83;5;24;182;1;0;0;7;0;0;0
"15/2966";15;"2004-04-27";"2004-04-30";"2004-05-05";"2004-05-26";"2004-05-28";3;5;21;2;31;1;0;0;7;0;0;0
"15/297";15;"2003-01-14";"2003-01-17";"2003-01-29";"2003-01-29";"2003-01-31";3;12;0;2;17;1;0;0;10;0;0;0
"15/2989";15;"2004-04-28";"2004-05-06";"2004-05-26";"2004-05-28";"2004-06-18";8;20;2;21;51;1;1;0;1;1;0;0
"15/3045";15;"2004-05-04";"2004-05-07";"2004-06-30";"2004-10-27";"2004-10-28";3;54;119;1;177;1;0;0;13;1;0;0
"15/3046";15;"2004-05-04";"2004-05-07";"2004-05-26";"2004-05-26";"2004-05-27";3;19;0;1;23;1;1;0;6;0;0;0
"15/3088";15;"2004-05-05";"2004-05-27";"2004-06-14";"2004-06-16";"2004-06-18";22;18;2;2;44;1;0;0;6;0;0;0
"15/3168";15;"2004-05-21";"2004-06-17";"2004-06-21";"2004-06-30";"2004-07-01";27;4;9;1;41;1;1;0;7;0;0;0
"15/3169";15;"2004-05-21";"2004-06-17";"2004-06-30";"2004-09-29";"2004-10-01";27;13;91;2;133;1;1;0;2;0;0;0
"15/3170";15;"2004-05-21";"2004-05-27";"2004-06-16";"2004-06-16";"2004-06-17";6;20;0;1;27;1;1;0;6;0;0;0
"15/3171";15;"2004-05-21";"2004-05-27";"2004-05-28";"2004-06-01";"2004-06-17";6;1;4;16;27;1;1;0;5;0;0;0
"15/3172";15;"2004-05-21";"2004-05-27";"2004-06-16";"2004-06-16";"2004-06-17";6;20;0;1;27;1;1;0;2;0;0;0
"15/3173";15;"2004-05-21";"2004-05-27";"2004-06-16";"2004-06-16";"2004-06-17";6;20;0;1;27;1;0;0;8;1;0;0
"15/3174";15;"2004-05-24";"2004-05-27";"2004-05-28";"2004-07-01";"2004-07-01";3;1;34;0;38;1;0;0;5;0;0;0
"15/3176";15;"2004-05-21";"2004-05-27";"2004-06-16";"2004-06-16";"2004-06-17";6;20;0;1;27;1;0;0;13;1;0;0
"15/3177";15;"2004-05-21";"2004-05-27";"2004-06-16";"2004-06-18";"2004-07-01";6;20;2;13;41;1;0;0;3;0;0;0
"15/3178";15;"2004-05-21";"2004-07-01";"2004-09-22";"2004-09-29";"2004-09-30";41;83;7;1;132;1;1;0;1;1;0;0
"15/3189";15;"2004-05-25";"2004-05-27";"2004-05-28";"2004-06-16";"2004-06-18";2;1;19;2;24;1;1;0;5;0;0;0
"15/3278";15;"2004-06-10";"2004-06-17";"2004-06-30";"2004-10-27";"2004-10-28";7;13;119;1;140;1;0;0;10;0;0;0
"15/3279";15;"2004-06-10";"2004-06-17";"2004-06-30";"2004-06-30";"2004-07-01";7;13;0;1;21;1;0;0;10;0;0;0
"15/3280";15;"2004-06-10";"2004-06-17";"2004-06-30";"2004-12-01";"2004-12-03";7;13;154;2;176;1;1;0;1;1;0;0
"15/3281";15;"2004-06-10";"2004-06-17";"2004-09-29";"2004-10-27";"2004-10-28";7;104;28;1;140;1;1;0;13;1;0;0
"15/3305";15;"2004-06-15";"2004-06-17";"2004-06-30";"2004-06-30";"2004-07-01";2;13;0;1;16;1;1;0;3;0;0;0
"15/3306";15;"2004-06-15";"2004-06-17";"2004-06-30";"2004-06-30";"2004-07-01";2;13;0;1;16;0;1;0;3;0;0;0
"15/3349";15;"2004-06-16";"2004-07-01";"2004-09-29";"2004-10-20";"2004-10-21";15;90;21;1;127;1;0;0;13;1;0;0
"15/3350";15;"2004-06-16";"2004-07-01";"2004-10-27";"2004-11-09";"2004-11-11";15;118;13;2;148;1;0;0;10;0;0;0
"15/3351";15;"2004-06-16";"2004-07-01";"2004-12-01";"2005-01-26";"2005-01-27";15;153;56;1;225;1;1;0;1;1;0;0
"15/3352";15;"2004-06-16";"2004-07-01";"2004-09-22";"2004-09-29";"2004-10-21";15;83;7;22;127;1;0;0;8;1;0;0
"15/3353";15;"2004-06-16";"2004-07-01";"2004-09-22";"2004-09-22";"2004-09-23";15;83;0;1;99;1;0;0;2;0;0;0
"15/3354";15;"2004-06-16";"2004-07-01";"2004-09-22";"2004-09-22";"2004-09-23";15;83;0;1;99;1;1;0;3;0;0;0
"15/3404";15;"2004-06-21";"2004-07-01";"2004-07-02";"2004-09-22";"2004-09-24";10;1;82;2;95;1;0;0;12;0;0;0
"15/3405";15;"2004-06-21";"2004-07-01";"2004-09-29";"2004-10-27";"2004-10-29";10;90;28;2;130;1;0;0;12;0;0;0
"15/3406";15;"2004-06-21";"2004-09-23";"2004-11-10";"2004-11-22";"2004-11-25";94;48;12;3;157;1;0;0;7;0;0;0
"15/3416";15;"2004-06-24";"2004-06-30";"2004-09-22";"2004-09-29";"2004-09-30";6;84;7;1;98;1;1;0;3;0;0;0
"15/3417";15;"2004-06-24";"2004-07-01";"2004-09-22";"2004-11-10";"2004-11-12";7;83;49;2;141;1;0;0;12;0;0;0
"15/3418";15;"2004-06-24";"2004-07-01";"2004-07-02";"2004-10-20";"2004-10-22";7;1;110;2;120;1;1;0;5;0;0;0
"15/3419";15;"2004-06-24";"2004-07-01";"2004-10-27";"2004-10-27";"2004-10-29";7;118;0;2;127;1;0;0;13;1;0;0
"15/3421";15;"2004-06-24";"2004-07-01";"2004-10-27";"2004-10-27";"2004-10-29";7;118;0;2;127;1;0;0;13;1;0;0
"15/3439";15;"2004-06-29";"2004-07-01";"2004-10-27";"2004-10-27";"2004-10-29";2;118;0;2;122;1;1;0;2;0;0;0
"15/3442";15;"2004-06-29";"2004-07-02";"2004-09-06";"2004-09-23";"2004-09-24";3;66;17;1;87;1;0;0;5;1;0;0
"15/3443";15;"2004-06-29";"2004-07-01";"2004-07-02";"2004-10-20";"2004-10-21";2;1;110;1;114;1;0;0;2;0;0;0
"15/3444";15;"2004-06-29";"2004-07-01";"2004-09-22";"2004-09-29";"2004-10-01";2;83;7;2;94;1;0;0;3;0;0;0
"15/3445";15;"2004-06-29";"2004-07-02";"2004-09-22";"2004-10-27";"2004-10-29";3;82;35;2;122;1;0;0;13;1;0;0
"15/3447";15;"2004-07-01";"2004-07-01";"2004-09-07";"2004-09-07";"2004-09-08";0;68;0;1;69;1;0;0;8;1;0;0
"15/350";15;"2003-01-28";"2003-01-30";"2003-02-19";"2003-07-01";"2003-07-03";2;20;132;2;156;1;0;0;13;1;0;0
"15/3593";15;"2004-07-14";"2004-09-23";"2004-09-29";"2004-11-10";"2004-11-11";71;6;42;1;120;1;1;0;2;0;0;0
"15/3596";15;"2004-07-14";"2004-12-02";"2005-01-19";"2005-01-21";"2005-02-18";141;48;2;28;219;1;0;0;12;0;0;0
"15/3640";15;"2004-08-12";"2004-09-10";"2004-09-20";"2005-03-09";"2005-03-11";29;10;170;2;211;1;1;0;12;0;0;0
"15/3641";15;"2004-08-12";"2004-09-23";"2004-09-29";"2004-10-27";"2004-10-28";42;6;28;1;77;1;1;0;5;0;0;0
"15/3653";15;"2004-08-24";"2004-09-23";"2004-10-20";"2004-10-27";"2004-10-28";30;27;7;1;65;1;0;0;13;1;0;0
"15/3654";15;"2004-08-24";"2004-09-07";"2004-09-10";"2004-09-29";"2004-10-01";14;3;19;2;38;1;1;0;2;0;0;0
"15/3655";15;"2004-08-24";"2004-09-23";"2004-09-29";"2004-10-20";"2004-10-21";30;6;21;1;58;1;1;0;10;1;0;0
"15/3657";15;"2004-08-24";"2004-09-23";"2004-10-20";"2004-11-22";"2004-11-26";30;27;33;4;94;1;1;0;6;0;0;0
"15/3658";15;"2004-08-24";"2004-09-23";"2004-10-20";"2004-10-20";"2004-10-21";30;27;0;1;58;1;0;0;13;1;0;0
"15/3660";15;"2004-08-13";"2004-09-10";"2004-09-29";"2004-11-19";"2004-11-26";28;19;51;7;105;1;0;0;5;1;0;0
"15/3671";15;"2004-09-03";"2004-09-07";"2004-09-10";"2004-09-29";"2004-10-01";4;3;19;2;28;1;0;0;2;0;0;0
"15/3672";15;"2004-09-03";"2004-09-07";"2004-10-20";"2004-10-20";"2004-10-22";4;43;0;2;49;1;1;0;2;0;0;0
"15/3673";15;"2004-09-03";"2004-09-07";"2004-09-22";"2004-10-20";"2004-10-22";4;15;28;2;49;1;1;0;2;0;0;0
"15/3674";15;"2004-09-06";"2004-09-09";"2004-09-22";"2004-09-22";"2004-09-24";3;13;0;2;18;1;0;0;12;0;0;0
"15/3676";15;"2004-09-06";"2004-09-09";"2004-09-22";"2004-10-27";"2004-10-28";3;13;35;1;52;1;1;0;10;0;0;0
"15/3677";15;"2004-09-06";"2004-09-07";"2004-09-10";"2004-10-27";"2004-10-28";1;3;47;1;52;1;1;0;5;0;0;0
"15/3678";15;"2004-09-06";"2004-09-09";"2004-09-22";"2004-09-29";"2004-10-01";3;13;7;2;25;1;0;0;1;1;0;0
"15/3679";15;"2004-09-06";"2004-09-07";"2004-09-10";"2004-09-29";"2004-09-30";1;3;19;1;24;1;1;0;5;0;0;0
"15/3681";15;"2004-09-06";"2004-09-07";"2004-09-10";"2004-09-29";"2004-10-01";1;3;19;2;25;1;0;0;2;0;0;0
"15/371";15;"2003-01-29";"2003-02-13";"2003-02-19";"2003-04-09";"2003-04-10";15;6;49;1;71;1;0;0;13;1;0;0
"15/38";15;"2002-11-06";"2002-11-14";"2002-12-18";"2003-04-09";"2003-04-11";8;34;112;2;156;1;0;0;13;1;0;0
"15/4246";15;"2004-11-23";"2004-11-23";"2004-12-01";"2004-12-01";"2004-12-03";0;8;0;2;10;1;0;0;3;0;0;0
"15/4293";15;"2004-11-29";"2004-12-02";"2004-12-15";"2005-01-26";"2005-01-27";3;13;42;1;59;1;1;0;2;0;0;0
"15/4294";15;"2004-11-29";"2004-12-02";"2004-12-15";"2005-02-16";"2005-02-17";3;13;63;1;80;1;0;0;2;0;0;0
"15/4321";15;"2004-11-29";"2004-12-02";"2004-12-15";"2005-02-16";"2005-02-17";3;13;63;1;80;1;0;0;5;0;0;0
"15/4467";15;"2004-12-03";"2004-12-16";"2005-01-19";"2005-01-21";"2005-01-27";13;34;2;6;55;1;1;0;1;1;0;0
"15/4485";15;"2004-12-13";"2004-12-16";"2005-02-16";"2005-02-16";"2005-02-17";3;62;0;1;66;1;1;0;8;0;0;0
"15/4486";15;"2004-12-13";"2005-01-20";"2005-01-26";"2005-02-23";"2005-02-24";38;6;28;1;73;1;1;0;3;0;0;0
"15/4492";15;"2004-12-14";"2004-12-16";"2005-01-19";"2005-01-26";"2005-01-28";2;34;7;2;45;1;0;0;3;0;0;0
"15/4493";15;"2004-12-14";"2004-12-17";"2005-01-19";"2005-06-01";"2005-06-03";3;33;133;2;171;1;0;0;3;0;0;0
"15/4533";15;"2004-12-15";"2005-01-21";"2005-01-26";"2005-05-11";"2005-05-12";37;5;105;1;148;1;1;0;13;1;0;0
"15/4538";15;"2004-12-16";"2005-01-21";"2005-01-26";"2005-06-15";"2005-06-17";36;5;140;2;183;0;0;0;10;0;0;0
"15/4637";15;"2005-01-12";"2005-01-20";"2005-01-26";"2005-01-26";"2005-01-27";8;6;0;1;15;1;0;0;13;1;0;0
"15/4638";15;"2005-01-12";"2005-01-20";"2005-01-26";"2005-01-26";"2005-01-27";8;6;0;1;15;1;0;0;12;0;0;0
"15/4639";15;"2005-01-13";"2005-01-20";"2005-01-31";"2005-01-31";"2005-02-17";7;11;0;17;35;1;1;0;8;0;0;0
"15/4640";15;"2005-01-13";"2005-01-20";"2005-01-26";"2005-02-24";"2005-02-24";7;6;29;0;42;1;0;0;5;0;0;0
"15/4641";15;"2005-01-13";"2005-01-20";"2005-01-26";"2005-05-11";"2005-05-12";7;6;105;1;119;0;0;0;6;0;0;0
"15/4696";15;"2005-01-21";"2005-01-27";"2005-02-23";"2005-02-23";"2005-03-10";6;27;0;15;48;1;1;0;12;0;0;0
"15/4736";15;"2005-01-26";"2005-02-24";"2005-03-16";"2005-03-16";"2005-03-17";29;20;0;1;50;1;1;0;6;0;0;0
"15/4784";15;"2005-01-31";"2005-02-17";"2005-02-23";"2005-03-16";"2005-03-17";17;6;21;1;45;1;1;0;2;0;0;0
"15/4832";15;"2005-02-15";"2005-02-18";"2005-02-23";"2005-03-09";"2005-03-11";3;5;14;2;24;1;0;0;3;0;0;0
"15/4833";15;"2005-02-15";"2005-02-18";"2005-02-23";"2005-04-20";"2005-04-22";3;5;56;2;66;0;1;0;2;0;0;0
"15/4834";15;"2005-02-15";"2005-02-18";"2005-02-23";"2005-03-16";"2005-03-18";3;5;21;2;31;0;1;0;6;0;0;0
"15/4900";15;"2005-02-18";"2005-02-24";"2005-04-14";"2005-05-11";"2005-05-12";6;49;27;1;83;0;1;0;8;1;0;0
"15/4919";15;"2005-02-21";"2005-02-24";"2005-03-09";"2005-03-16";"2005-03-17";3;13;7;1;24;1;0;0;3;0;0;0
"15/4924";15;"2005-02-22";"2005-02-24";"2005-02-25";"2005-04-13";"2005-04-15";2;1;47;2;52;1;1;0;2;0;0;0
"15/4925";15;"2005-02-22";"2005-02-24";"2005-03-16";"2005-05-11";"2005-05-12";2;20;56;1;79;1;1;0;8;1;0;0
"15/4977";15;"2005-02-25";"2005-03-10";"2005-03-16";"2005-04-19";"2005-04-21";13;6;34;2;55;1;1;0;1;1;0;0
"15/4978";15;"2005-02-25";"2005-03-17";"2005-04-20";"2005-04-20";"2005-05-12";20;34;0;22;76;1;1;0;12;0;0;0
"15/4979";15;"2005-02-25";"2005-03-17";"2005-04-13";"2005-04-19";"2005-04-21";20;27;6;2;55;1;0;0;12;0;0;0
"15/4980";15;"2005-02-25";"2005-03-17";"2005-04-20";"2005-04-20";"2005-05-12";20;34;0;22;76;1;1;0;12;0;0;0
"15/4981";15;"2005-02-25";"2005-03-17";"2005-04-20";"2005-04-20";"2005-05-12";20;34;0;22;76;1;1;0;12;0;0;0
"15/4982";15;"2005-02-25";"2005-03-17";"2005-04-20";"2005-04-20";"2005-05-12";20;34;0;22;76;1;1;0;12;0;0;0
"15/4983";15;"2005-02-25";"2005-03-17";"2005-04-20";"2005-04-20";"2005-05-12";20;34;0;22;76;1;1;0;12;0;0;0
"15/4984";15;"2005-02-25";"2005-03-17";"2005-04-20";"2005-04-20";"2005-05-12";20;34;0;22;76;1;1;0;12;0;0;0
"15/4998";15;"2005-03-03";"2005-03-10";"2005-03-16";"2005-05-11";"2005-05-12";7;6;56;1;70;0;0;0;1;1;0;0
"15/4999";15;"2005-03-03";"2005-03-10";"2005-03-16";"2005-04-21";"2005-04-21";7;6;36;0;49;1;1;0;5;0;0;0
"15/5002";15;"2005-03-03";"2005-03-10";"2005-03-16";"2005-03-16";"2005-03-17";7;6;0;1;14;1;1;0;3;0;0;0
"15/509";15;"2003-02-26";"2003-03-20";"2003-04-02";"2003-04-22";"2003-05-22";22;13;20;30;85;1;1;0;7;0;0;0
"15/5091";15;"2005-03-14";"2005-03-18";"2005-04-20";"2005-06-15";"2005-06-16";4;33;56;1;94;1;0;0;13;1;0;0
"15/5092";15;"2005-03-14";"2005-03-18";"2005-04-20";"2005-06-15";"2005-06-16";4;33;56;1;94;1;0;0;13;1;0;0
"15/510";15;"2003-02-26";"2003-04-03";"2003-04-09";"2003-04-09";"2003-04-11";36;6;0;2;44;1;1;0;5;0;0;0
"15/5150";15;"2005-03-17";"2005-04-14";"2005-06-15";"2005-06-29";"2005-06-30";28;62;14;1;105;1;1;0;13;1;0;0
"15/520";15;"2003-03-05";"2003-03-13";"2003-04-09";"2003-06-25";"2003-06-26";8;27;77;1;113;1;1;0;12;0;0;0
"15/5213";15;"2005-04-07";"2005-04-15";"2005-04-20";"2005-06-15";"2005-06-17";8;5;56;2;71;0;1;0;12;0;0;0
"15/5215";15;"2005-04-07";"2005-04-14";"2005-04-20";"2005-04-20";"2005-04-21";7;6;0;1;14;1;1;0;5;0;0;0
"15/5216";15;"2005-04-07";"2005-04-14";"2005-05-11";"2005-05-11";"2005-05-12";7;27;0;1;35;1;1;0;3;0;0;0
"15/5217";15;"2005-04-07";"2005-04-14";"2005-04-20";"2005-04-20";"2005-04-21";7;6;0;1;14;1;0;0;3;0;0;0
"15/5220";15;"2005-04-07";"2005-04-14";"2005-04-20";"2005-05-10";"2005-05-12";7;6;20;2;35;1;0;0;7;0;0;0
"15/5221";15;"2005-04-07";"2005-04-14";"2005-04-20";"2005-06-01";"2005-06-03";7;6;42;2;57;1;1;0;5;0;0;0
"15/5222";15;"2005-04-07";"2005-04-14";"2005-05-11";"2005-05-11";"2005-05-12";7;27;0;1;35;1;1;0;13;1;0;0
"15/5226";15;"2005-04-11";"2005-04-14";"2005-05-11";"2005-06-29";"2005-06-30";3;27;49;1;80;1;1;0;1;1;0;0
"15/5244";15;"2005-04-12";"2005-04-14";"2005-06-15";"2005-06-15";"2005-06-17";2;62;0;2;66;1;1;0;13;1;0;0
"15/5284";15;"2005-04-14";"2005-04-21";"2005-06-01";"2005-06-15";"2005-06-16";7;41;14;1;63;1;1;0;7;0;0;0
"15/5313";15;"2005-04-19";"2005-04-22";"2005-06-15";"2005-06-15";"2005-06-17";3;54;0;2;59;1;0;0;13;1;0;0
"15/5314";15;"2005-04-19";"2005-04-21";"2005-05-11";"2005-05-11";"2005-05-12";2;20;0;1;23;1;0;0;2;0;0;0
"15/5315";15;"2005-04-19";"2005-04-21";"2005-06-01";"2005-06-15";"2005-06-17";2;41;14;2;59;1;1;0;1;1;0;0
"15/5316";15;"2005-04-19";"2005-04-21";"2005-06-15";"2005-06-15";"2005-06-16";2;55;0;1;58;1;1;0;2;0;0;0
"15/536";15;"2003-03-11";"2003-03-13";"2003-04-02";"2003-04-09";"2003-04-10";2;20;7;1;30;1;1;0;3;0;0;0
"15/5408";15;"2005-04-27";"2005-05-12";"2005-06-15";"2005-06-15";"2005-06-16";15;34;0;1;50;1;1;0;1;1;0;0
"15/5447";15;"2005-05-10";"2005-05-13";"2005-06-01";"2005-06-29";"2005-06-30";3;19;28;1;51;1;0;0;7;0;0;0
"15/5517";15;"2005-05-13";"2005-06-02";"2005-06-15";"2005-06-15";"2005-06-16";20;13;0;1;34;1;1;0;10;0;0;0
"15/5518";15;"2005-05-13";"2005-06-16";"2005-06-29";"2005-06-29";"2005-06-30";34;13;0;1;48;1;1;0;5;0;0;0
"15/5523";15;"2005-05-17";"2005-06-02";"2005-06-15";"2005-06-15";"2005-06-16";16;13;0;1;30;1;1;0;7;0;0;0
"15/614";15;"2003-03-17";"2003-03-19";"2003-05-19";"2003-05-20";"2003-05-22";2;61;1;2;66;1;1;0;2;0;0;0
"15/716";15;"2003-03-24";"2003-04-03";"2003-05-07";"2003-05-07";"2003-05-08";10;34;0;1;45;1;1;0;1;1;0;0
"15/717";15;"2003-03-24";"2003-04-10";"2003-05-07";"2003-07-02";"2003-09-09";17;27;56;69;169;1;1;0;8;1;0;0
"15/810";15;"2003-04-08";"2003-04-10";"2003-06-04";"2003-06-04";"2003-06-06";2;55;0;2;59;1;0;0;7;0;0;0
"15/812";15;"2003-04-08";"2003-04-10";"2003-06-17";"2003-06-24";"2003-06-27";2;68;7;3;80;1;1;0;2;0;0;0
"15/813";15;"2003-04-08";"2003-04-11";"2003-05-07";"2003-10-15";"2003-10-17";3;26;161;2;192;1;0;0;13;1;0;0
"15/879";15;"2003-04-28";"2003-05-08";"2003-05-21";"2003-06-04";"2003-06-06";10;13;14;2;39;1;0;0;3;0;0;0
"15/880";15;"2003-04-28";"2003-05-22";"2003-06-25";"2003-06-25";"2003-06-26";24;34;0;1;59;1;1;0;5;0;0;0
"15/881";15;"2003-04-28";"2003-05-08";"2003-05-19";"2003-05-20";"2003-05-22";10;11;1;2;24;1;1;0;2;0;0;0
"15/882";15;"2003-04-28";"2003-05-08";"2003-05-21";"2003-05-22";"2003-06-05";10;13;1;14;38;1;1;0;6;0;0;0
"15/883";15;"2003-04-28";"2003-05-08";"2003-05-19";"2003-05-20";"2003-05-22";10;11;1;2;24;1;1;0;2;0;0;0
"15/884";15;"2003-04-28";"2003-05-22";"2003-06-04";"2003-06-04";"2003-06-05";24;13;0;1;38;1;1;0;8;1;0;0
"15/885";15;"2003-04-28";"2003-05-22";"2003-06-04";"2003-06-04";"2003-06-05";24;13;0;1;38;1;1;0;8;1;0;0
"15/898";15;"2003-04-30";"2003-05-08";"2003-05-21";"2003-06-05";"2003-06-05";8;13;15;0;36;1;1;0;2;0;0;0
"15/900";15;"2003-05-02";"2003-05-08";"2003-05-21";"2003-05-23";"2003-06-06";6;13;2;14;35;1;1;0;5;0;0;0
"15/902";15;"2003-05-02";"2003-05-08";"2003-05-21";"2003-06-04";"2003-06-06";6;13;14;2;35;1;0;0;5;0;0;0
"15/905";15;"2003-05-02";"2003-05-08";"2003-05-21";"2003-05-22";"2003-06-05";6;13;1;14;34;1;1;0;6;0;0;0
"15/906";15;"2003-05-05";"2003-05-09";"2003-06-04";"2003-06-04";"2003-06-05";4;26;0;1;31;1;0;0;8;1;0;0
"15/907";15;"2003-05-05";"2003-05-09";"2003-05-21";"2003-06-04";"2003-06-05";4;12;14;1;31;1;1;0;12;0;0;0
"15/908";15;"2003-05-05";"2003-05-08";"2003-05-21";"2003-06-04";"2003-06-05";3;13;14;1;31;1;0;0;10;0;0;0
"16/1001";16;"2006-03-17";"2006-03-30";"2006-05-10";"2006-05-11";"2006-05-19";13;41;1;8;63;1;0;0;2;0;0;0
"16/1002";16;"2006-03-17";"2006-03-30";"2006-05-10";"2006-05-11";"2006-05-19";13;41;1;8;63;1;0;0;2;0;0;0
"16/1003";16;"2006-03-17";"2006-04-06";"2006-04-10";"2006-05-18";"2006-05-19";20;4;38;1;63;1;0;0;5;0;0;0
"16/10032";16;"2008-07-23";"2008-09-25";"2008-10-15";"2008-11-12";"2008-11-13";64;20;28;1;113;1;1;0;6;1;0;0
"16/10033";16;"2008-07-23";"2008-09-25";"2008-10-15";"2008-10-15";"2008-10-16";64;20;0;1;85;1;0;0;6;1;0;0
"16/10067";16;"2008-07-30";"2008-09-25";"2008-10-15";"2009-03-24";"2009-03-26";57;20;160;2;239;1;1;0;13;0;0;0
"16/10117";16;"2008-08-13";"2008-09-25";"2008-09-26";"2008-12-17";"2008-12-19";43;1;82;2;128;1;1;0;12;0;0;0
"16/10119";16;"2008-08-13";"2008-09-25";"2008-10-15";"2008-10-15";"2008-10-16";43;20;0;1;64;1;0;0;13;0;0;0
"16/10121";16;"2008-08-13";"2008-09-25";"2008-10-15";"2008-11-10";"2008-11-12";43;20;26;2;91;1;1;0;3;0;0;0
"16/10122";16;"2008-08-13";"2008-09-25";"2008-10-15";"2008-10-15";"2008-10-16";43;20;0;1;64;1;1;0;6;1;0;0
"16/10144";16;"2008-08-20";"2008-09-26";"2008-10-15";"2009-02-11";"2009-02-12";37;19;119;1;176;1;1;0;13;0;0;0
"16/10145";16;"2008-08-20";"2008-09-25";"2008-10-15";"2008-11-25";"2008-11-27";36;20;41;2;99;1;0;0;13;0;0;0
"16/10174";16;"2008-08-28";"2008-09-25";"2008-10-15";"2008-10-15";"2008-10-16";28;20;0;1;49;1;1;0;6;1;0;0
"16/10175";16;"2008-08-28";"2008-10-16";"2008-11-12";"2008-11-12";"2008-11-13";49;27;0;1;77;1;0;0;1;0;0;0
"16/10188";16;"2008-09-02";"2008-09-18";"2008-10-20";"2008-11-12";"2008-11-13";16;32;23;1;72;1;1;0;5;0;0;0
"16/10189";16;"2008-09-02";"2008-09-25";"2008-09-25";"2008-11-25";"2008-11-28";23;0;61;3;87;1;1;0;5;0;0;0
"16/1023";16;"2006-03-23";"2006-04-06";"2006-05-10";"2006-05-10";"2006-05-19";14;34;0;9;57;1;1;0;6;1;0;0
"16/1024";16;"2006-03-23";"2006-03-30";"2006-04-05";"2006-06-28";"2006-06-29";7;6;84;1;98;1;0;0;13;0;0;0
"16/1025";16;"2006-03-23";"2006-04-06";"2006-04-06";"2006-05-17";"2006-05-19";14;0;41;2;57;1;0;0;13;0;0;0
"16/10288";16;"2008-09-22";"2008-09-25";"2008-11-12";"2008-11-12";"2008-11-13";3;48;0;1;52;1;1;0;3;0;0;0
"16/10290";16;"2008-09-22";"2008-09-25";"2008-10-15";"2008-12-17";"2008-12-19";3;20;63;2;88;1;0;0;1;0;0;0
"16/10291";16;"2008-09-22";"2008-09-25";"2008-10-15";"2008-11-12";"2008-11-13";3;20;28;1;52;1;1;0;5;0;0;0
"16/10292";16;"2008-09-22";"2008-09-25";"2008-10-15";"2008-11-12";"2008-11-13";3;20;28;1;52;1;0;0;1;0;0;0
"16/10293";16;"2008-09-22";"2008-09-25";"2008-10-15";"2008-11-12";"2008-11-13";3;20;28;1;52;1;0;0;12;0;0;0
"16/10294";16;"2008-09-22";"2008-09-25";"2008-10-08";"2008-11-11";"2008-11-13";3;13;34;2;52;1;0;0;10;1;0;0
"16/10295";16;"2008-09-22";"2008-09-25";"2008-10-15";"2008-11-10";"2008-11-13";3;20;26;3;52;1;1;0;5;0;0;0
"16/10296";16;"2008-09-22";"2008-09-25";"2008-10-15";"2008-10-15";"2008-10-16";3;20;0;1;24;1;0;0;3;0;0;0
"16/10297";16;"2008-09-22";"2008-09-25";"2008-10-15";"2008-10-15";"2008-10-16";3;20;0;1;24;1;0;0;1;0;0;0
"16/10298";16;"2008-09-22";"2008-09-25";"2008-10-15";"2009-03-04";"2009-03-05";3;20;140;1;164;1;1;0;1;0;0;0
"16/10299";16;"2008-09-22";"2008-09-25";"2008-10-15";"2008-10-15";"2008-10-16";3;20;0;1;24;1;1;0;6;1;0;0
"16/10388";16;"2008-09-25";"2008-10-16";"2008-11-12";"2008-11-12";"2008-11-13";21;27;0;1;49;1;0;0;1;0;0;0
"16/10389";16;"2008-09-25";"2008-10-16";"2008-11-12";"2008-11-12";"2008-11-13";21;27;0;1;49;1;0;0;13;0;0;0
"16/10390";16;"2008-09-25";"2008-10-16";"2008-11-12";"2008-11-12";"2008-11-13";21;27;0;1;49;1;0;0;13;0;0;0
"16/10730";16;"2008-10-30";"2008-11-12";"2008-12-03";"2009-02-11";"2009-02-13";13;21;70;2;106;1;0;0;12;0;1;0
"16/10731";16;"2008-10-30";"2008-11-12";"2009-03-04";"2009-03-24";"2009-03-26";13;112;20;2;147;1;1;0;12;0;1;0
"16/10734";16;"2008-10-31";"2008-11-12";"2008-11-12";"2009-03-24";"2009-03-26";12;0;132;2;146;1;0;0;13;0;1;0
"16/10798";16;"2008-11-05";"2008-11-13";"2008-12-17";"2009-05-13";"2009-05-14";8;34;147;1;190;1;0;0;13;0;1;0
"16/10806";16;"2008-11-07";"2008-11-12";"2008-12-03";"2008-12-03";"2008-12-05";5;21;0;2;28;1;0;0;2;0;1;0
"16/10807";16;"2008-11-07";"2008-11-12";"2008-11-12";"2008-12-17";"2008-12-18";5;0;35;1;41;1;0;0;2;1;1;0
"16/10808";16;"2008-11-08";"2008-11-12";"2008-11-13";"2008-12-03";"2008-12-04";4;1;20;1;26;1;1;0;2;0;1;0
"16/10809";16;"2008-11-07";"2008-11-13";"2008-11-14";"2008-12-02";"2008-12-04";6;1;18;2;27;1;1;0;5;0;1;0
"16/10810";16;"2008-11-08";"2008-11-13";"2008-11-13";"2008-12-03";"2008-12-05";5;0;20;2;27;1;0;0;2;0;1;0
"16/10811";16;"2008-11-07";"2008-11-13";"2008-12-03";"2008-12-03";"2008-12-04";6;20;0;1;27;1;0;0;2;0;1;0
"16/10812";16;"2008-11-07";"2008-11-13";"2008-11-28";"2008-12-03";"2008-12-05";6;15;5;2;28;1;1;0;1;0;1;0
"16/10813";16;"2008-11-07";"2008-11-13";"2008-11-28";"2008-12-04";"2008-12-18";6;15;6;14;41;1;0;0;3;0;1;0
"16/10814";16;"2008-11-07";"2008-11-13";"2008-12-03";"2008-12-03";"2008-12-04";6;20;0;1;27;1;0;0;8;0;1;0
"16/10815";16;"2008-11-07";"2008-11-13";"2008-12-03";"2008-12-03";"2008-12-04";6;20;0;1;27;1;1;0;7;0;1;0
"16/10816";16;"2008-11-07";"2008-11-13";"2008-12-03";"2009-01-28";"2009-01-30";6;20;56;2;84;1;0;0;3;0;1;0
"16/10930";16;"2008-11-13";"2008-11-25";"2008-11-27";"2008-12-02";"2008-12-04";12;2;5;2;21;1;1;0;5;0;1;0
"16/10932";16;"2008-11-13";"2008-12-04";"2008-12-17";"2009-01-20";"2009-01-22";21;13;34;2;70;1;0;0;12;0;1;0
"16/10994";16;"2008-11-20";"2008-12-04";"2008-12-17";"2008-12-17";"2008-12-18";14;13;0;1;28;1;0;0;6;1;1;0
"16/10995";16;"2008-11-20";"2008-12-04";"2008-12-17";"2009-03-20";"2009-03-26";14;13;93;6;126;1;0;0;10;0;1;0
"16/10996";16;"2008-11-20";"2008-12-04";"2009-01-20";"2009-02-11";"2009-02-12";14;47;22;1;84;1;1;0;10;0;1;0
"16/11130";16;"2008-12-01";"2008-12-04";"2008-12-18";"2009-02-11";"2009-02-12";3;14;55;1;73;1;0;0;5;0;1;0
"16/11131";16;"2008-12-01";"2008-12-04";"2009-01-21";"2009-03-25";"2009-04-23";3;48;63;29;143;1;0;0;7;0;1;0
"16/11338";16;"2008-12-10";"2008-12-18";"2009-01-21";"2009-01-28";"2009-01-29";8;34;7;1;50;1;0;0;3;0;1;0
"16/11339";16;"2008-12-10";"2009-01-22";"2009-03-25";"2009-05-20";"2009-05-28";43;62;56;8;169;1;0;0;13;0;1;0
"16/11385";16;"2008-12-17";"2009-01-22";"2009-04-20";"2009-04-22";"2009-04-23";36;88;2;1;127;1;0;0;13;0;1;0
"16/11566";16;"2009-01-07";"2009-01-22";"2009-01-28";"2009-03-04";"2009-03-05";15;6;35;1;57;1;1;0;5;0;1;0
"16/11567";16;"2009-01-07";"2009-01-22";"2009-02-11";"2009-02-13";"2009-03-05";15;20;2;20;57;1;1;0;12;0;1;0
"16/11568";16;"2009-01-07";"2009-01-22";"2009-02-11";"2009-02-13";"2009-03-05";15;20;2;20;57;1;1;0;12;0;1;0
"16/11569";16;"2009-01-07";"2009-01-22";"2009-01-28";"2009-02-11";"2009-02-13";15;6;14;2;37;1;1;0;3;0;1;0
"16/11606";16;"2009-01-15";"2009-01-29";"2009-03-04";"2009-03-04";"2009-03-19";14;34;0;15;63;1;0;0;13;0;1;0
"16/11607";16;"2009-01-15";"2009-01-29";"2009-04-14";"2009-04-22";"2009-04-24";14;75;8;2;99;1;1;0;13;0;1;0
"16/11608";16;"2009-01-15";"2009-03-19";"2009-03-25";"2009-05-27";"2009-05-28";63;6;63;1;133;1;0;0;1;0;1;0
"16/11609";16;"2009-01-15";"2009-01-21";"2009-01-28";"2009-01-28";"2009-01-30";6;7;0;2;15;1;1;0;7;0;1;0
"16/11613";16;"2009-01-16";"2009-01-21";"2009-01-27";"2009-03-25";"2009-03-26";5;6;57;1;69;1;0;0;5;0;1;0
"16/13927";16;"2009-08-21";"2009-08-26";"2009-08-26";"2009-09-03";"2009-09-08";5;0;8;5;18;1;0;1;13;0;0;0
"16/1851";16;"2006-06-19";"2006-06-22";"2006-06-28";"2006-09-20";"2006-09-21";3;6;84;1;94;1;1;0;1;0;0;0
"16/1853";16;"2006-06-19";"2006-06-22";"2006-06-28";"2006-06-28";"2006-06-29";3;6;0;1;10;1;1;0;12;0;0;0
"16/1859";16;"2006-06-19";"2006-06-22";"2006-06-22";"2006-06-29";"2006-06-29";3;0;7;0;10;1;1;0;5;0;0;0
"16/1889";16;"2006-06-20";"2006-06-22";"2006-09-20";"2006-09-27";"2006-09-29";2;90;7;2;101;1;1;0;10;0;0;0
"16/1935";16;"2006-06-23";"2006-06-29";"2006-09-08";"2006-10-25";"2006-10-26";6;71;47;1;125;1;1;0;12;0;0;0
"16/1936";16;"2006-06-23";"2006-06-29";"2006-09-27";"2006-10-18";"2006-10-19";6;90;21;1;118;1;0;0;2;0;0;0
"16/1937";16;"2006-06-23";"2006-06-29";"2006-09-08";"2007-01-31";"2007-02-01";6;71;145;1;223;1;1;0;5;0;0;0
"16/1938";16;"2006-06-23";"2006-06-29";"2006-09-27";"2006-09-27";"2006-09-28";6;90;0;1;97;1;0;0;1;0;0;0
"16/1939";16;"2006-06-23";"2006-06-29";"2006-09-20";"2006-09-20";"2006-09-21";6;83;0;1;90;1;1;0;1;0;0;0
"16/1940";16;"2006-06-23";"2006-06-29";"2006-10-18";"2006-10-26";"2006-11-09";6;111;8;14;139;1;0;0;6;1;0;0
"16/1945";16;"2006-06-22";"2006-09-07";"2006-10-18";"2006-10-24";"2006-10-26";77;41;6;2;126;1;0;0;1;0;0;0
"16/1993";16;"2006-06-28";"2006-09-21";"2006-11-29";"2007-03-20";"2007-03-22";85;69;111;2;267;1;0;0;13;0;0;0
"16/2227";16;"2006-07-13";"2006-09-21";"2006-11-08";"2006-11-08";"2006-11-23";70;48;0;15;133;1;0;0;2;0;0;0
"16/2254";16;"2006-07-18";"2006-09-21";"2006-09-27";"2006-09-27";"2006-09-28";65;6;0;1;72;1;1;0;5;0;0;0
"16/2255";16;"2006-07-18";"2006-09-21";"2006-09-27";"2006-09-27";"2006-09-28";65;6;0;1;72;1;0;0;3;0;0;0
"16/2256";16;"2006-07-18";"2006-09-21";"2006-09-27";"2006-09-28";"2006-10-19";65;6;1;21;93;1;0;0;3;0;0;0
"16/2292";16;"2006-07-21";"2006-09-21";"2006-10-18";"2006-11-08";"2006-11-09";62;27;21;1;111;1;1;0;6;1;0;0
"16/2293";16;"2006-07-21";"2006-10-19";"2006-10-25";"2006-10-25";"2006-10-26";90;6;0;1;97;1;1;0;8;0;0;0
"16/2300";16;"2006-08-11";"2006-09-08";"2006-09-27";"2006-11-17";"2006-11-24";28;19;51;7;105;1;0;0;5;1;0;0
"16/2452";16;"2006-08-25";"2006-09-21";"2006-10-25";"2006-10-25";"2006-10-26";27;34;0;1;62;1;0;0;13;0;0;0
"16/2453";16;"2006-08-25";"2006-09-21";"2006-10-18";"2006-10-18";"2006-10-19";27;27;0;1;55;1;1;0;12;0;0;0
"16/2455";16;"2006-08-25";"2006-09-07";"2006-09-20";"2006-09-27";"2006-09-28";13;13;7;1;34;1;0;0;7;0;0;0
"16/2474";16;"2006-08-30";"2006-09-22";"2006-09-27";"2006-10-25";"2006-10-27";23;5;28;2;58;1;1;0;2;1;0;0
"16/2494";16;"2006-09-04";"2006-09-21";"2006-10-20";"2006-11-08";"2006-11-09";17;29;19;1;66;1;1;0;7;0;0;0
"16/2495";16;"2006-09-04";"2006-09-21";"2006-10-20";"2006-11-08";"2006-11-09";17;29;19;1;66;1;0;0;7;0;0;0
"16/2496";16;"2006-09-04";"2006-09-21";"2006-09-27";"2006-11-08";"2006-11-09";17;6;42;1;66;1;0;0;1;0;0;0
"16/2497";16;"2006-09-04";"2006-09-21";"2006-10-20";"2006-11-08";"2006-11-09";17;29;19;1;66;1;1;0;7;0;0;0
"16/2498";16;"2006-09-04";"2006-09-21";"2006-10-20";"2006-11-29";"2006-11-30";17;29;40;1;87;1;1;0;5;0;0;0
"16/2581";16;"2006-09-14";"2006-09-21";"2006-09-27";"2006-11-29";"2006-11-30";7;6;63;1;77;1;1;0;12;0;0;0
"16/341";16;"2006-01-04";"2006-01-19";"2006-03-08";"2006-03-09";"2006-03-16";15;48;1;7;71;1;1;0;7;0;0;0
"16/342";16;"2006-01-04";"2006-01-26";"2006-02-08";"2006-02-10";"2006-02-16";22;13;2;6;43;1;0;0;2;0;0;0
"16/400";16;"2006-01-19";"2006-01-26";"2006-03-08";"2006-03-15";"2006-03-16";7;41;7;1;56;1;1;0;7;0;0;0
"16/429";16;"2006-01-24";"2006-01-26";"2006-01-26";"2006-03-15";"2006-03-16";2;0;48;1;51;1;0;0;2;0;0;0
"16/430";16;"2006-01-24";"2006-01-26";"2006-02-08";"2006-02-10";"2006-02-16";2;13;2;6;23;1;1;0;6;1;0;0
"16/4371";16;"2007-02-23";"2007-03-01";"2007-03-07";"2007-03-07";"2007-03-09";6;6;0;2;14;1;0;0;2;0;0;0
"16/4372";16;"2007-02-23";"2007-03-01";"2007-03-07";"2007-03-07";"2007-03-09";6;6;0;2;14;1;1;0;2;0;0;0
"16/4373";16;"2007-02-23";"2007-03-01";"2007-03-07";"2007-03-09";"2007-03-22";6;6;2;13;27;1;0;0;2;0;0;0
"16/4375";16;"2007-02-23";"2007-03-08";"2007-03-28";"2007-03-28";"2007-03-29";13;20;0;1;34;1;0;0;13;0;0;0
"16/4376";16;"2007-02-23";"2007-03-22";"2007-03-28";"2007-03-28";"2007-03-29";27;6;0;1;34;1;0;0;12;0;0;0
"16/4377";16;"2007-02-23";"2007-03-08";"2007-03-28";"2007-06-25";"2007-07-05";13;20;89;10;132;1;0;0;13;0;0;0
"16/4378";16;"2007-02-23";"2007-03-01";"2007-03-07";"2007-03-07";"2007-03-09";6;6;0;2;14;1;1;0;5;0;0;0
"16/4379";16;"2007-02-23";"2007-03-01";"2007-03-07";"2007-03-07";"2007-03-09";6;6;0;2;14;1;0;0;3;0;0;0
"16/4380";16;"2007-02-23";"2007-03-01";"2007-03-07";"2007-03-07";"2007-03-09";6;6;0;2;14;1;0;0;8;0;0;0
"16/4381";16;"2007-02-23";"2007-03-22";"2007-04-25";"2007-05-10";"2007-06-14";27;34;15;35;111;1;0;0;8;0;0;0
"16/4382";16;"2007-02-23";"2007-03-08";"2007-03-28";"2007-03-28";"2007-03-29";13;20;0;1;34;1;0;0;13;0;0;0
"16/4455";16;"2007-02-28";"2007-03-08";"2007-03-21";"2007-05-09";"2007-05-10";8;13;49;1;71;1;0;0;2;1;0;0
"16/4663";16;"2007-03-12";"2007-03-22";"2007-04-25";"2007-05-23";"2007-05-24";10;34;28;1;73;1;0;0;13;0;0;0
"16/4664";16;"2007-03-12";"2007-03-29";"2007-04-27";"2007-05-23";"2007-05-24";17;29;26;1;73;1;0;0;12;0;0;0
"16/4665";16;"2007-03-12";"2007-03-22";"2007-03-28";"2007-04-04";"2007-04-26";10;6;7;22;45;1;0;0;3;0;0;0
"16/4691";16;"2007-03-15";"2007-03-22";"2007-04-24";"2007-05-08";"2007-05-10";7;33;14;2;56;1;0;0;1;0;0;0
"16/4692";16;"2007-03-15";"2007-03-22";"2007-03-28";"2007-03-28";"2007-03-29";7;6;0;1;14;1;0;0;6;1;0;0
"16/4716";16;"2007-03-19";"2007-03-29";"2007-04-25";"2007-05-23";"2007-06-14";10;27;28;22;87;1;1;0;8;0;0;0
"16/4763";16;"2007-03-21";"2007-03-29";"2007-04-25";"2007-09-19";"2007-09-20";8;27;147;1;183;1;0;0;12;0;0;0
"16/4764";16;"2007-03-21";"2007-03-29";"2007-05-23";"2007-05-29";"2007-06-13";8;55;6;15;84;1;1;0;12;0;0;0
"16/4842";16;"2007-03-27";"2007-03-29";"2007-04-25";"2007-05-31";"2007-06-13";2;27;36;13;78;1;1;0;13;0;0;0
"16/4970";16;"2007-04-05";"2007-05-24";"2007-06-13";"2007-06-13";"2007-06-14";49;20;0;1;70;1;0;0;8;1;0;0
"16/4971";16;"2007-04-05";"2007-04-26";"2007-05-09";"2007-05-09";"2007-05-10";21;13;0;1;35;1;0;0;5;0;0;0
"16/5047";16;"2007-04-20";"2007-04-26";"2007-05-09";"2007-05-22";"2007-05-24";6;13;13;2;34;1;0;0;1;0;0;0
"16/5048";16;"2007-04-20";"2007-04-26";"2007-05-09";"2008-04-09";"2008-04-11";6;13;336;2;357;1;0;0;13;0;0;0
"16/5049";16;"2007-04-20";"2007-04-27";"2007-04-27";"2007-05-24";"2007-05-25";7;0;27;1;35;1;1;0;2;1;0;0
"16/5050";16;"2007-04-20";"2007-04-26";"2007-05-09";"2007-05-09";"2007-05-24";6;13;0;15;34;1;0;0;2;0;0;0
"16/5051";16;"2007-04-20";"2007-05-24";"2007-10-10";"2007-10-10";"2007-10-11";34;139;0;1;174;1;0;0;13;0;0;0
"16/5052";16;"2007-04-20";"2007-11-09";"2008-06-25";"2008-06-25";"2008-06-26";203;229;0;1;433;1;0;0;3;0;0;0
"16/5065";16;"2007-04-23";"2007-04-26";"2007-04-26";"2007-06-13";"2007-06-14";3;0;48;1;52;1;1;0;3;0;0;0
"16/508";16;"2006-02-02";"2006-02-10";"2006-05-08";"2006-12-13";"2006-12-14";8;87;219;1;315;1;0;0;7;0;0;0
"16/509";16;"2006-02-02";"2006-04-06";"2009-03-25";"2009-03-25";"2009-03-27";63;1084;0;2;1149;1;0;0;3;0;0;0
"16/5100";16;"2007-04-25";"2007-04-26";"2007-05-23";"2007-10-24";"2007-10-24";1;27;154;0;182;1;0;0;7;0;0;0
"16/5172";16;"2007-04-27";"2007-05-10";"2007-05-14";"2007-11-15";"2007-11-16";13;4;185;1;203;1;1;0;10;0;0;0
"16/5200";16;"2007-05-03";"2007-05-10";"2007-05-11";"2007-07-04";"2007-07-06";7;1;54;2;64;1;1;0;5;0;0;0
"16/5239";16;"2007-05-08";"2007-05-10";"2007-07-04";"2007-07-04";"2007-07-05";2;55;0;1;58;1;0;0;3;0;0;0
"16/5240";16;"2007-05-08";"2007-05-11";"2007-06-20";"2007-06-20";"2007-06-22";3;40;0;2;45;1;0;0;7;0;0;0
"16/5334";16;"2007-05-11";"2007-06-14";"2007-07-04";"2007-07-04";"2007-07-05";34;20;0;1;55;1;0;0;13;0;0;0
"16/5336";16;"2007-05-11";"2007-06-14";"2007-07-04";"2007-07-04";"2007-07-05";34;20;0;1;55;1;0;0;13;0;0;0
"16/5338";16;"2007-05-11";"2007-05-24";"2007-06-13";"2007-06-20";"2007-06-21";13;20;7;1;41;1;1;0;6;1;0;0
"16/575";16;"2006-02-08";"2006-05-11";"2006-05-31";"2006-11-29";"2006-11-30";92;20;182;1;295;1;0;0;13;0;0;0
"16/634";16;"2006-02-13";"2006-02-16";"2006-02-17";"2006-03-15";"2006-03-17";3;1;26;2;32;1;1;0;5;0;0;0
"16/635";16;"2006-02-13";"2006-02-16";"2006-02-16";"2006-03-08";"2006-03-09";3;0;20;1;24;1;1;0;5;0;0;0
"16/637";16;"2006-02-13";"2006-03-17";"2006-05-10";"2006-05-17";"2006-05-19";32;54;7;2;95;1;0;0;12;0;0;0
"16/643";16;"2006-02-14";"2006-02-16";"2006-03-08";"2006-03-15";"2006-03-17";2;20;7;2;31;1;1;0;5;0;0;0
"16/645";16;"2006-02-14";"2006-02-16";"2006-03-08";"2006-03-09";"2006-03-16";2;20;1;7;30;1;1;0;6;1;0;0
"16/6964";16;"2007-11-07";"2007-11-15";"2007-12-12";"2007-12-12";"2007-12-13";8;27;0;1;36;1;1;0;6;1;0;0
"16/6965";16;"2007-11-07";"2007-11-15";"2007-12-12";"2007-12-12";"2008-01-17";8;27;0;36;71;1;1;0;5;0;0;0
"16/700";16;"2006-02-21";"2006-03-10";"2006-05-10";"2006-06-28";"2006-06-29";17;61;49;1;128;1;0;0;13;0;0;0
"16/7075";16;"2007-11-12";"2007-11-14";"2007-11-14";"2007-11-14";"2007-11-15";2;0;0;1;3;1;1;0;2;0;0;0
"16/7076";16;"2007-11-12";"2007-11-15";"2007-12-12";"2008-11-12";"2008-11-12";3;27;336;0;366;1;0;0;3;0;0;0
"16/7077";16;"2007-11-12";"2007-11-15";"2007-12-14";"2008-01-23";"2008-01-24";3;29;40;1;73;1;1;0;5;0;0;0
"16/7078";16;"2007-11-12";"2007-11-15";"2007-12-05";"2008-02-13";"2008-02-14";3;20;70;1;94;1;0;0;5;0;0;0
"16/7079";16;"2007-11-12";"2007-11-15";"2007-12-12";"2007-12-12";"2007-12-13";3;27;0;1;31;1;0;0;5;1;0;0
"16/7080";16;"2007-11-12";"2007-11-15";"2007-12-14";"2008-01-22";"2008-01-24";3;29;39;2;73;1;0;0;1;0;0;0
"16/7103";16;"2007-11-13";"2007-11-15";"2008-11-26";"2008-12-11";"2008-12-18";2;377;15;7;401;1;0;0;13;0;0;0
"16/7218";16;"2007-11-16";"2007-12-13";"2008-01-23";"2008-06-18";"2008-06-20";27;41;147;2;217;1;0;0;13;0;0;0
"16/7219";16;"2007-11-16";"2007-12-13";"2008-01-16";"2008-01-16";"2008-01-17";27;34;0;1;62;1;0;0;8;0;0;0
"16/7248";16;"2007-11-21";"2007-11-29";"2007-12-12";"2008-01-15";"2008-01-17";8;13;34;2;57;1;0;0;12;0;0;0
"16/735";16;"2006-02-21";"2006-03-09";"2006-04-05";"2006-04-05";"2006-04-06";16;27;0;1;44;1;0;0;13;0;0;0
"16/736";16;"2006-02-21";"2006-03-09";"2006-04-05";"2006-04-05";"2006-04-06";16;27;0;1;44;1;0;0;13;0;0;0
"16/737";16;"2006-02-21";"2006-03-09";"2006-04-05";"2006-04-05";"2006-04-06";16;27;0;1;44;1;0;0;13;0;0;0
"16/738";16;"2006-02-21";"2006-03-09";"2006-05-10";"2006-05-10";"2006-05-11";16;62;0;1;79;1;1;0;7;0;0;0
"16/739";16;"2006-02-21";"2006-03-09";"2006-05-10";"2006-05-10";"2006-05-11";16;62;0;1;79;1;1;0;7;0;0;0
"16/7413";16;"2007-12-05";"2008-02-15";"2008-03-12";"2009-03-18";"2009-03-20";72;26;371;2;471;1;1;0;6;1;0;0
"16/7414";16;"2007-12-05";"2007-12-13";"2008-01-16";"2008-01-22";"2008-01-24";8;34;6;2;50;1;0;0;2;1;0;0
"16/7415";16;"2007-12-05";"2007-12-13";"2008-01-16";"2008-01-23";"2008-01-24";8;34;7;1;50;1;1;0;1;0;0;0
"16/7438";16;"2007-12-07";"2007-12-13";"2008-01-23";"2008-06-25";"2008-06-27";6;41;154;2;203;1;1;0;5;0;0;0
"16/7439";16;"2007-12-07";"2007-12-14";"2008-01-16";"2008-03-12";"2008-03-14";7;33;56;2;98;1;0;0;2;1;0;0
"16/7460";16;"2007-12-11";"2007-12-14";"2007-12-14";"2008-01-23";"2008-01-25";3;0;40;2;45;1;1;0;2;0;0;0
"16/7461";16;"2007-12-11";"2007-12-13";"2008-01-16";"2008-01-21";"2008-01-24";2;34;5;3;44;1;0;0;3;0;0;0
"16/7462";16;"2007-12-11";"2007-12-13";"2008-01-16";"2008-01-21";"2008-01-24";2;34;5;3;44;1;0;0;3;0;0;0
"16/750";16;"2006-03-17";"2006-03-31";"2006-04-05";"2006-06-15";"2006-06-23";14;5;71;8;98;1;0;0;5;1;0;0
"16/752";16;"2006-03-17";"2006-03-28";"2006-04-06";"2006-05-17";"2006-05-19";11;9;41;2;63;1;1;0;5;1;0;0
"16/754";16;"2006-02-23";"2006-03-09";"2006-04-03";"2006-04-05";"2006-04-07";14;25;2;2;43;1;1;0;2;0;0;0
"16/7615";16;"2007-12-19";"2008-01-24";"2008-02-20";"2009-04-22";"2009-04-23";36;27;427;1;491;1;1;0;13;0;0;0
"16/7616";16;"2007-12-19";"2008-01-17";"2008-01-23";"2008-02-13";"2008-02-14";29;6;21;1;57;1;1;0;5;0;0;0
"16/7685";16;"2008-01-08";"2008-01-17";"2008-01-23";"2008-01-23";"2008-01-24";9;6;0;1;16;1;1;0;6;1;0;0
"16/7686";16;"2008-01-08";"2008-02-14";"2008-03-05";"2008-03-12";"2008-04-10";37;20;7;29;93;1;1;0;8;0;0;0
"16/7716";16;"2008-01-11";"2008-01-17";"2008-01-23";"2008-02-20";"2008-02-21";6;6;28;1;41;1;1;0;2;0;0;0
"16/7717";16;"2008-01-11";"2008-01-18";"2008-01-23";"2008-02-20";"2008-02-22";7;5;28;2;42;1;0;0;3;0;0;0
"16/7827";16;"2008-01-22";"2008-01-24";"2008-02-20";"2008-02-20";"2008-02-21";2;27;0;1;30;1;1;0;6;1;0;0
"16/7918";16;"2008-01-28";"2008-02-15";"2008-02-20";"2008-11-25";"2008-11-27";18;5;279;2;304;1;1;0;5;0;0;0
"16/794";16;"2006-03-03";"2006-03-09";"2006-03-15";"2006-03-28";"2006-04-06";6;6;13;9;34;1;1;0;2;0;0;0
"16/7955";16;"2008-01-30";"2008-02-14";"2008-03-12";"2008-03-19";"2008-04-10";15;27;7;22;71;1;0;0;8;0;0;0
"16/8100";16;"2008-02-14";"2008-02-21";"2008-03-05";"2009-03-18";"2009-03-20";7;13;378;2;400;1;1;0;6;1;0;0
"16/813";16;"2006-03-07";"2006-03-10";"2006-06-27";"2006-06-28";"2006-06-30";3;109;1;2;115;1;1;0;13;0;0;0
"16/814";16;"2006-03-07";"2006-03-10";"2006-06-28";"2006-06-28";"2006-06-30";3;110;0;2;115;1;1;0;13;0;0;0
"16/8148";16;"2008-02-18";"2008-02-21";"2008-03-05";"2008-06-04";"2008-06-06";3;13;91;2;109;1;0;0;7;0;0;0
"16/8149";16;"2008-02-18";"2008-02-21";"2008-03-05";"2008-06-04";"2008-06-06";3;13;91;2;109;1;0;0;7;0;0;0
"16/8151";16;"2008-02-18";"2008-02-21";"2008-03-05";"2008-03-11";"2008-03-13";3;13;6;2;24;1;0;0;7;0;0;0
"16/8152";16;"2008-02-18";"2008-02-21";"2008-03-14";"2009-04-22";"2009-04-24";3;22;404;2;431;1;0;0;5;1;0;0
"16/8153";16;"2008-02-18";"2008-02-21";"2008-03-05";"2008-03-05";"2008-03-13";3;13;0;8;24;1;0;0;6;1;0;0
"16/8154";16;"2008-02-18";"2008-02-21";"2008-03-05";"2008-03-12";"2008-03-13";3;13;7;1;24;1;1;0;1;0;0;0
"16/8188";16;"2008-02-20";"2008-02-21";"2008-03-11";"2008-03-11";"2008-03-13";1;19;0;2;22;1;0;0;8;0;0;0
"16/8249";16;"2008-02-22";"2008-04-25";"2008-06-04";"2008-06-04";"2008-06-05";63;40;0;1;104;1;1;0;13;0;0;0
"16/8250";16;"2008-02-22";"2008-03-06";"2008-04-09";"2008-04-09";"2008-04-10";13;34;0;1;48;1;1;0;8;0;0;0
"16/8251";16;"2008-02-22";"2008-03-06";"2008-03-12";"2008-03-12";"2008-03-13";13;6;0;1;20;1;1;0;12;0;0;0
"16/8252";16;"2008-02-22";"2008-03-06";"2008-03-12";"2008-03-12";"2008-03-13";13;6;0;1;20;1;1;0;12;0;0;0
"16/8253";16;"2008-02-22";"2008-03-06";"2008-03-12";"2008-03-12";"2008-03-13";13;6;0;1;20;1;1;0;12;0;0;0
"16/8254";16;"2008-02-22";"2008-03-06";"2008-03-12";"2008-03-12";"2008-03-13";13;6;0;1;20;1;1;0;12;0;0;0
"16/8255";16;"2008-02-22";"2008-03-06";"2008-03-12";"2008-03-12";"2008-03-13";13;6;0;1;20;1;1;0;12;0;0;0
"16/858";16;"2006-03-09";"2006-03-09";"2006-03-15";"2006-03-15";"2006-03-16";0;6;0;1;7;1;1;0;6;1;0;0
"16/886";16;"2006-03-09";"2006-05-11";"2006-05-17";"2006-12-13";"2006-12-14";63;6;210;1;280;1;1;0;13;0;0;0
"16/887";16;"2006-03-09";"2006-05-11";"2006-05-17";"2006-12-13";"2006-12-14";63;6;210;1;280;1;0;0;13;0;0;0
"16/913";16;"2006-03-13";"2006-03-16";"2006-03-22";"2006-05-17";"2006-05-19";3;6;56;2;67;1;0;0;5;0;0;0
"16/914";16;"2006-03-13";"2006-03-16";"2006-04-05";"2006-04-05";"2006-04-06";3;20;0;1;24;1;1;0;5;0;0;0
"16/915";16;"2006-03-13";"2006-03-16";"2006-04-05";"2006-04-05";"2006-04-06";3;20;0;1;24;1;1;0;5;0;0;0
"16/916";16;"2006-03-13";"2006-03-16";"2006-04-05";"2006-04-05";"2006-04-06";3;20;0;1;24;1;1;0;5;0;0;0
"16/958";16;"2006-03-15";"2006-03-16";"2006-04-05";"2006-04-05";"2006-04-06";1;20;0;1;22;1;1;0;1;0;0;0
"16/960";16;"2006-03-15";"2006-03-30";"2006-05-10";"2006-09-27";"2006-09-28";15;41;140;1;197;1;1;0;13;0;0;0
"16/9900";16;"2008-08-08";"2008-09-19";"2008-09-24";"2008-11-24";"2008-11-28";42;5;61;4;112;1;0;0;5;1;0;0
"16/9995";16;"2008-07-15";"2008-09-25";"2008-10-15";"2008-10-15";"2008-10-16";72;20;0;1;93;1;0;0;13;0;0;0
"16/9996";16;"2008-07-15";"2008-09-18";"2008-10-15";"2008-10-15";"2008-11-13";65;27;0;29;121;1;0;0;12;0;0;0
"16/9997";16;"2008-07-15";"2008-09-18";"2008-10-15";"2008-10-15";"2008-11-13";65;27;0;29;121;1;0;0;12;0;0;0
"17/11127";17;"2012-10-22";"2012-11-08";"2012-11-22";"2013-01-16";"2013-01-31";17;14;55;15;101;1;0;0;12;0;0;0
"17/11138";17;"2012-10-23";"2012-10-26";"2012-11-01";"2012-11-21";"2012-11-23";3;6;20;2;31;1;0;0;5;1;0;0
"17/11210";17;"2012-10-24";"2012-11-08";"2012-11-21";"2013-03-20";"2013-03-21";15;13;119;1;148;1;0;0;13;0;0;0
"17/11211";17;"2012-10-24";"2013-01-31";"2013-02-27";"2013-02-27";"2013-02-28";99;27;0;1;127;1;0;0;13;0;0;0
"17/11267";17;"2012-10-31";"2012-11-30";"2012-12-12";"2013-01-30";"2013-01-31";30;12;49;1;92;1;0;0;2;1;0;0
"17/11268";17;"2012-10-31";"2012-11-29";"2012-12-06";"2013-05-15";"2013-05-16";29;7;160;1;197;1;0;0;13;0;0;0
"17/11289";17;"2012-11-05";"2012-11-08";"2012-11-26";"2012-12-12";"2012-12-13";3;18;16;1;38;1;0;0;5;0;0;0
"17/11292";17;"2012-11-05";"2012-11-08";"2012-11-28";"2012-11-28";"2012-11-29";3;20;0;1;24;1;0;0;13;0;0;0
"17/11293";17;"2012-11-05";"2012-11-08";"2013-02-27";"2013-02-27";"2013-02-28";3;111;0;1;115;1;1;0;6;0;0;0
"17/11294";17;"2012-11-05";"2012-11-08";"2012-11-28";"2012-11-28";"2012-11-29";3;20;0;1;24;1;0;0;6;0;0;0
"17/11295";17;"2012-11-05";"2012-11-22";"2012-11-26";"2012-12-10";"2012-12-12";17;4;14;2;37;1;0;0;13;0;0;0
"17/11314";17;"2012-11-06";"2012-11-09";"2012-11-15";"2012-11-28";"2012-11-29";3;6;13;1;23;1;1;0;5;0;0;0
"17/11315";17;"2012-11-06";"2012-11-09";"2013-04-29";"2013-06-26";"2013-06-28";3;171;58;2;234;0;1;0;10;0;0;0
"17/11317";17;"2012-11-06";"2012-11-08";"2012-11-28";"2012-11-28";"2012-11-29";2;20;0;1;23;1;0;0;13;0;0;0
"17/11367";17;"2012-11-07";"2012-11-29";"2012-12-12";"2013-01-29";"2013-01-31";22;13;48;2;85;1;1;0;8;0;0;0
"17/11368";17;"2012-11-07";"2012-11-29";"2013-01-24";"2013-01-30";"2013-01-31";22;56;6;1;85;1;0;0;7;1;0;0
"17/11468";17;"2012-11-14";"2012-11-29";"2012-12-12";"2013-04-24";"2013-04-25";15;13;133;1;162;1;0;0;1;1;0;0
"17/11469";17;"2012-11-14";"2012-11-29";"2013-01-30";"2013-01-30";"2013-01-31";15;62;0;1;78;1;0;0;13;0;0;0
"17/1147";17;"2010-03-23";"2010-03-25";"2010-03-29";"2010-05-05";"2010-05-06";2;4;37;1;44;1;0;0;7;1;1;0
"17/11470";17;"2012-11-14";"2012-11-29";"2012-12-12";"2013-02-27";"2013-03-01";15;13;77;2;107;1;0;0;13;0;0;0
"17/11471";17;"2012-11-14";"2013-01-31";"2013-03-07";"2013-05-15";"2013-05-16";78;35;69;1;183;1;0;0;13;0;0;0
"17/11472";17;"2012-11-14";"2013-01-31";"2013-03-07";"2013-05-15";"2013-05-16";78;35;69;1;183;1;0;0;13;0;0;0
"17/11473";17;"2012-11-14";"2013-02-21";"2013-03-13";"2013-04-17";"2013-04-18";99;20;35;1;155;1;1;0;3;0;0;0
"17/11513";17;"2012-11-19";"2012-11-22";"2012-11-26";"2013-01-16";"2013-01-17";3;4;51;1;59;1;0;0;13;0;0;0
"17/11631";17;"2012-11-26";"2012-11-30";"2013-01-16";"2013-02-27";"2013-02-28";4;47;42;1;94;1;0;0;5;0;0;0
"17/11632";17;"2012-11-26";"2012-11-29";"2012-12-10";"2013-01-17";"2013-02-01";3;11;38;15;67;1;1;0;5;0;0;0
"17/11689";17;"2012-11-28";"2012-12-13";"2013-01-16";"2013-02-27";"2013-02-28";15;34;42;1;92;1;1;0;2;1;0;0
"17/11726";17;"2012-11-29";"2012-11-29";"2012-12-12";"2012-12-12";"2012-12-13";0;13;0;1;14;1;0;0;13;0;0;0
"17/11818";17;"2012-12-11";"2012-12-13";"2013-02-22";"2013-02-27";"2013-02-28";2;71;5;1;79;1;1;0;6;0;0;0
"17/11872";17;"2012-12-12";"2013-02-01";"2013-04-24";"2013-05-13";"2013-05-16";51;82;19;3;155;1;1;0;8;0;0;0
"17/12012";17;"2013-01-07";"2013-02-01";"2013-04-11";"2013-04-23";"2013-04-25";25;69;12;2;108;1;0;0;10;0;0;0
"17/12013";17;"2013-01-07";"2013-01-31";"2013-02-21";"2013-04-24";"2013-04-25";24;21;62;1;108;1;0;0;13;0;0;0
"17/12014";17;"2013-01-07";"2013-01-31";"2013-02-20";"2013-02-27";"2013-02-28";24;20;7;1;52;1;0;0;12;0;0;0
"17/12015";17;"2013-01-07";"2013-01-17";"2013-01-30";"2013-02-20";"2013-02-21";10;13;21;1;45;1;1;0;5;0;0;0
"17/12032";17;"2013-01-09";"2013-01-17";"2013-02-20";"2013-02-26";"2013-02-28";8;34;6;2;50;1;1;0;6;0;0;0
"17/12033";17;"2013-01-09";"2013-01-17";"2013-02-20";"2013-02-20";"2013-02-21";8;34;0;1;43;1;1;0;6;0;0;0
"17/12034";17;"2013-01-09";"2013-01-31";"2013-03-01";"2013-03-20";"2013-03-21";22;29;19;1;71;1;1;0;3;0;0;0
"17/12046";17;"2013-01-14";"2013-01-17";"2013-01-29";"2013-02-27";"2013-02-28";3;12;29;1;45;1;0;0;6;0;0;0
"17/12057";17;"2013-01-15";"2013-01-17";"2013-01-30";"2013-01-30";"2013-01-31";2;13;0;1;16;1;1;0;10;0;0;0
"17/12058";17;"2013-01-15";"2013-01-17";"2013-01-30";"2013-01-30";"2013-01-31";2;13;0;1;16;1;1;0;5;1;0;0
"17/12059";17;"2013-01-15";"2013-01-17";"2013-02-27";"2013-02-27";"2013-02-28";2;41;0;1;44;1;0;0;8;1;0;0
"17/1288";17;"2010-03-31";"2010-05-06";"2010-05-19";"2010-07-07";"2010-07-08";36;13;49;1;99;1;0;0;13;0;1;0
"17/1291";17;"2010-03-31";"2010-04-22";"2010-04-27";"2010-06-16";"2010-06-17";22;5;50;1;78;1;0;0;5;0;1;0
"17/1292";17;"2010-03-31";"2010-04-22";"2010-05-19";"2010-06-07";"2010-06-11";22;27;19;4;72;1;0;0;10;0;1;0
"17/1293";17;"2010-03-31";"2010-05-06";"2010-05-19";"2010-05-25";"2010-06-10";36;13;6;16;71;1;0;0;13;0;1;0
"17/1294";17;"2010-03-31";"2010-04-22";"2010-05-05";"2010-05-19";"2010-06-10";22;13;14;22;71;1;0;0;12;0;1;0
"17/1295";17;"2010-03-31";"2010-04-22";"2010-05-05";"2010-05-19";"2010-06-10";22;13;14;22;71;1;0;0;12;0;1;0
"17/1296";17;"2010-03-31";"2010-05-06";"2010-05-19";"2010-05-20";"2010-06-10";36;13;1;21;71;1;1;0;2;1;1;0
"17/1393";17;"2010-04-19";"2010-04-22";"2010-06-11";"2010-06-16";"2010-06-17";3;50;5;1;59;1;1;0;7;1;1;0
"17/1394";17;"2010-04-19";"2010-04-22";"2010-05-21";"2010-06-15";"2010-06-17";3;29;25;2;59;1;0;0;13;0;1;0
"17/1395";17;"2010-04-19";"2010-05-06";"2010-05-19";"2010-05-25";"2010-06-17";17;13;6;23;59;1;0;0;1;1;1;0
"17/1400";17;"2010-04-20";"2010-04-22";"2010-05-05";"2010-05-19";"2010-05-20";2;13;14;1;30;1;0;0;10;0;1;0
"17/14000";17;"2013-06-24";"2013-06-25";"2013-06-26";"2013-06-27";"2013-06-28";1;1;1;1;4;1;0;0;5;1;0;0
"17/1544";17;"2010-05-03";"2010-05-05";"2010-05-05";"2010-05-05";"2010-05-07";2;0;0;2;4;1;0;0;5;1;1;0
"17/1551";17;"2010-05-04";"2010-05-07";"2010-06-02";"2010-06-17";"2010-06-18";3;26;15;1;45;1;1;0;10;1;1;0
"17/1552";17;"2010-05-04";"2010-05-07";"2010-06-16";"2010-06-16";"2010-06-18";3;40;0;2;45;1;1;0;10;1;1;0
"17/3958";17;"2010-11-29";"2010-12-01";"2010-12-01";"2010-12-01";"2010-12-03";2;0;0;2;4;1;1;0;2;1;0;0
"17/3959";17;"2010-11-29";"2010-12-02";"2010-12-15";"2010-12-17";"2011-01-20";3;13;2;34;52;1;1;0;5;0;0;0
"17/3960";17;"2010-11-29";"2010-12-02";"2010-12-15";"2011-01-27";"2011-02-10";3;13;43;14;73;1;1;0;5;0;0;0
"17/3961";17;"2010-11-29";"2010-12-02";"2010-12-15";"2010-12-17";"2011-01-20";3;13;2;34;52;1;1;0;5;0;0;0
"17/3962";17;"2010-11-29";"2010-12-02";"2010-12-15";"2010-12-17";"2011-01-20";3;13;2;34;52;1;1;0;5;0;0;0
"17/3963";17;"2010-11-29";"2010-12-16";"2011-01-19";"2011-01-21";"2011-02-10";17;34;2;20;73;1;1;0;8;0;0;0
"17/3972";17;"2010-11-30";"2010-12-02";"2010-12-15";"2011-06-29";"2011-06-30";2;13;196;1;212;1;0;0;3;0;0;0
"17/3983";17;"2010-11-30";"2010-12-16";"2011-01-19";"2011-01-26";"2011-01-27";16;34;7;1;58;1;0;0;12;0;0;0
"17/4143";17;"2010-12-08";"2010-12-16";"2011-01-19";"2011-07-06";"2011-07-07";8;34;168;1;211;1;0;0;13;0;0;0
"17/4144";17;"2010-12-08";"2011-02-10";"2011-03-16";"2011-03-22";"2011-03-24";64;34;6;2;106;1;1;0;1;1;0;0
"17/4182";17;"2010-12-14";"2010-12-16";"2011-01-19";"2011-03-16";"2011-03-17";2;34;56;1;93;1;0;0;5;0;0;0
"17/4231";17;"2010-12-15";"2011-01-20";"2011-01-26";"2011-02-09";"2011-02-10";36;6;14;1;57;1;1;0;6;0;0;0
"17/4381";17;"2011-01-06";"2011-02-10";"2011-02-23";"2011-03-15";"2011-03-17";35;13;20;2;70;1;0;0;6;0;0;1
"17/4401";17;"2011-01-13";"2011-01-20";"2011-02-23";"2011-03-16";"2011-03-17";7;34;21;1;63;1;0;0;3;0;0;1
"17/4510";17;"2011-01-24";"2011-01-27";"2011-02-23";"2011-04-06";"2011-04-08";3;27;42;2;74;1;1;0;5;0;0;1
"17/4558";17;"2011-01-26";"2011-02-10";"2011-02-23";"2011-03-22";"2011-03-24";15;13;27;2;57;1;0;0;6;0;0;1
"17/4803";17;"2011-02-17";"2011-02-24";"2011-03-14";"2011-03-23";"2011-03-24";7;18;9;1;35;1;0;0;10;0;0;1
"17/4804";17;"2011-02-17";"2011-02-24";"2011-02-25";"2011-03-23";"2011-03-24";7;1;26;1;35;1;0;0;2;1;0;1
"17/4805";17;"2011-02-17";"2011-02-24";"2011-04-03";"2011-04-13";"2011-04-14";7;38;10;1;56;1;0;0;12;0;0;1
"17/4806";17;"2011-02-17";"2011-02-24";"2011-03-16";"2011-03-23";"2011-03-24";7;20;7;1;35;1;1;0;5;0;0;1
"17/4807";17;"2011-02-17";"2011-02-24";"2011-03-16";"2011-03-16";"2011-03-24";7;20;0;8;35;1;1;0;5;0;0;1
"17/4808";17;"2011-02-17";"2011-03-17";"2011-03-18";"2011-04-06";"2011-04-07";28;1;19;1;49;1;0;0;2;1;0;1
"17/4809";17;"2011-02-17";"2011-02-24";"2011-03-16";"2011-03-16";"2011-03-24";7;20;0;8;35;1;0;0;8;1;0;1
"17/4810";17;"2011-02-17";"2011-02-24";"2011-03-16";"2011-03-16";"2011-03-24";7;20;0;8;35;1;0;0;8;1;0;1
"17/4821";17;"2011-02-21";"2011-02-24";"2011-03-14";"2011-03-23";"2011-03-24";3;18;9;1;31;1;0;0;8;1;0;1
"17/4887";17;"2011-02-23";"2011-03-17";"2011-03-23";"2011-03-23";"2011-03-24";22;6;0;1;29;1;0;0;13;0;0;1
"17/4978";17;"2011-03-02";"2011-03-17";"2011-04-06";"2011-04-13";"2011-04-14";15;20;7;1;43;1;1;0;2;1;0;1
"17/4979";17;"2011-03-02";"2011-03-17";"2011-03-23";"2011-04-13";"2011-04-15";15;6;21;2;44;1;0;0;1;1;0;1
"17/4981";17;"2011-03-02";"2011-03-17";"2011-03-23";"2011-04-05";"2011-04-07";15;6;13;2;36;1;0;0;1;1;0;1
"17/4984";17;"2011-03-03";"2011-03-17";"2011-03-23";"2011-05-25";"2011-05-26";14;6;63;1;84;1;1;0;6;0;0;1
"17/4985";17;"2011-03-03";"2011-03-17";"2011-03-23";"2011-03-23";"2011-03-24";14;6;0;1;21;1;0;0;6;0;0;1
"17/5096";17;"2011-03-18";"2011-03-24";"2011-05-11";"2012-03-05";"2012-03-08";6;48;299;3;356;1;1;0;3;0;0;1
"17/5097";17;"2011-03-17";"2011-03-24";"2011-05-11";"2011-05-13";"2011-05-26";7;48;2;13;70;1;0;0;13;0;0;1
"17/5125";17;"2011-03-21";"2011-03-25";"2011-04-06";"2011-06-08";"2011-06-09";4;12;63;1;80;1;1;0;5;0;0;1
"17/5126";17;"2011-03-21";"2011-03-24";"2011-11-30";"2011-12-01";"2011-12-15";3;251;1;14;269;1;1;0;13;0;0;1
"17/5127";17;"2011-03-21";"2011-03-24";"2011-04-06";"2011-04-13";"2011-04-14";3;13;7;1;24;1;1;0;5;0;0;1
"17/5128";17;"2011-03-21";"2011-03-24";"2011-03-31";"2011-04-12";"2011-04-14";3;7;12;2;24;1;1;0;5;0;0;1
"17/5129";17;"2011-03-21";"2011-03-24";"2011-04-06";"2011-04-12";"2011-04-14";3;13;6;2;24;1;1;0;5;0;0;1
"17/5130";17;"2011-03-21";"2011-03-24";"2011-04-06";"2011-04-12";"2011-04-14";3;13;6;2;24;1;1;0;5;0;0;1
"17/5178";17;"2011-03-22";"2011-03-24";"2011-05-25";"2011-06-08";"2011-06-09";2;62;14;1;79;1;0;0;2;1;0;1
"17/5224";17;"2011-02-23";"2011-04-07";"2011-04-13";"2011-10-20";"2011-10-27";43;6;190;7;246;1;0;0;13;0;0;1
"17/5261";17;"2011-03-23";"2011-04-07";"2011-04-13";"2011-04-13";"2011-04-14";15;6;0;1;22;1;1;0;6;0;0;1
"17/5262";17;"2011-03-24";"2011-04-07";"2011-04-08";"2011-05-11";"2011-05-12";14;1;33;1;49;1;1;0;12;0;0;1
"17/5263";17;"2011-03-24";"2011-04-07";"2011-04-13";"2011-06-16";"2011-07-07";14;6;64;21;105;1;0;0;8;0;0;1
"17/5264";17;"2011-03-24";"2011-04-07";"2011-04-08";"2011-04-14";"2011-05-12";14;1;6;28;49;1;1;0;12;0;0;1
"17/5296";17;"2011-03-29";"2011-04-07";"2011-04-11";"2011-06-08";"2011-06-09";9;4;58;1;72;1;0;0;7;1;0;0
"17/5311";17;"2011-03-30";"2011-04-07";"2011-04-13";"2011-05-11";"2011-05-12";8;6;28;1;43;1;1;0;2;1;0;0
"17/5312";17;"2011-03-30";"2011-04-07";"2011-04-07";"2011-05-11";"2011-05-12";8;0;34;1;43;1;1;0;12;0;0;0
"17/5334";17;"2011-04-01";"2011-04-07";"2011-04-13";"2011-07-01";"2011-07-07";6;6;79;6;97;1;0;0;13;0;0;0
"17/5335";17;"2011-04-01";"2011-04-14";"2011-05-12";"2011-12-01";"2011-12-15";13;28;203;14;258;1;0;0;13;0;0;0
"17/5391";17;"2011-04-06";"2011-07-07";"2011-10-19";"2011-11-09";"2011-11-10";92;104;21;1;218;1;0;0;13;0;0;0
"17/5515";17;"2011-04-13";"2011-07-07";"2011-09-21";"2011-09-28";"2011-09-29";85;76;7;1;169;1;0;0;3;0;0;0
"17/5707";17;"2011-05-04";"2011-05-12";"2011-05-19";"2011-10-26";"2011-10-27";8;7;160;1;176;1;1;0;12;0;0;0
"17/5709";17;"2011-05-04";"2011-05-12";"2011-05-19";"2011-05-25";"2011-05-26";8;7;6;1;22;1;0;0;7;1;0;0
"17/5712";17;"2011-05-04";"2011-06-30";"2011-10-26";"2011-10-26";"2011-10-27";57;118;0;1;176;1;0;0;13;0;0;0
"17/5750";17;"2011-05-09";"2011-05-12";"2011-05-20";"2011-07-06";"2011-07-07";3;8;47;1;59;1;1;0;7;1;0;0
"17/5761";17;"2011-05-10";"2011-05-12";"2011-05-25";"2011-05-25";"2011-05-26";2;13;0;1;16;1;1;0;2;1;0;0
"17/5804";17;"2011-05-12";"2011-05-26";"2011-06-08";"2011-06-08";"2011-06-09";14;13;0;1;28;1;0;0;6;0;0;0
"17/6000";17;"2011-06-06";"2011-06-09";"2011-06-30";"2011-10-19";"2011-10-20";3;21;111;1;136;1;0;0;10;0;0;0
"17/6051";17;"2011-06-06";"2011-06-09";"2011-06-29";"2011-10-25";"2011-10-27";3;20;118;2;143;1;0;0;5;0;0;0
"17/6052";17;"2011-06-06";"2011-06-10";"2011-06-23";"2011-10-26";"2011-10-28";4;13;125;2;144;1;1;0;7;1;0;0
"17/6053";17;"2011-06-06";"2011-06-09";"2011-06-27";"2011-07-06";"2011-07-07";3;18;9;1;31;1;1;0;3;0;0;0
"17/6054";17;"2011-06-06";"2011-06-09";"2011-07-06";"2011-07-06";"2011-07-07";3;27;0;1;31;1;0;0;7;1;0;0
"17/6055";17;"2011-06-06";"2011-06-09";"2011-06-30";"2011-07-06";"2011-07-07";3;21;6;1;31;1;1;0;7;1;0;0
"17/6056";17;"2011-06-06";"2011-06-09";"2011-06-29";"2011-07-01";"2011-07-07";3;20;2;6;31;1;1;0;5;0;0;0
"17/6057";17;"2011-06-06";"2011-06-09";"2011-06-29";"2011-07-01";"2011-07-07";3;20;2;6;31;1;1;0;5;0;0;0
"17/6058";17;"2011-06-06";"2011-06-09";"2011-06-29";"2011-07-01";"2011-07-07";3;20;2;6;31;1;1;0;5;0;0;0
"17/6059";17;"2011-06-06";"2011-06-09";"2011-06-29";"2011-07-01";"2011-07-07";3;20;2;6;31;1;1;0;5;0;0;0
"17/6060";17;"2011-06-06";"2011-06-09";"2011-06-29";"2011-07-01";"2011-07-07";3;20;2;6;31;1;1;0;5;0;0;0
"17/6061";17;"2011-06-06";"2011-06-09";"2011-06-29";"2011-07-05";"2011-07-07";3;20;6;2;31;1;1;0;1;1;0;0
"17/6062";17;"2011-06-06";"2011-06-09";"2011-06-23";"2011-07-01";"2011-07-07";3;14;8;6;31;1;0;0;8;0;0;0
"17/6063";17;"2011-06-06";"2011-06-09";"2011-06-23";"2011-07-01";"2011-07-07";3;14;8;6;31;1;0;0;8;0;0;0
"17/6070";17;"2011-06-06";"2011-06-09";"2011-06-23";"2011-06-29";"2011-06-30";3;14;6;1;24;1;0;0;7;1;0;0
"17/6071";17;"2011-06-06";"2011-06-09";"2011-06-23";"2011-06-29";"2011-06-30";3;14;6;1;24;1;0;0;7;1;0;0
"17/6072";17;"2011-06-06";"2011-06-09";"2011-06-20";"2011-06-29";"2011-06-30";3;11;9;1;24;1;0;0;12;0;0;0
"17/6073";17;"2011-06-06";"2011-06-09";"2011-06-20";"2011-06-29";"2011-06-30";3;11;9;1;24;1;0;0;12;0;0;0
"17/6207";17;"2011-06-15";"2011-09-22";"2011-10-19";"2011-10-21";"2011-10-27";99;27;2;6;134;1;1;0;10;0;0;0
"17/6208";17;"2011-06-15";"2011-06-30";"2011-07-06";"2011-07-06";"2011-07-07";15;6;0;1;22;1;0;0;10;1;0;0
"17/6251";17;"2011-06-22";"2011-06-29";"2011-06-29";"2011-06-29";"2011-06-30";7;0;0;1;8;1;1;0;5;0;0;0
"17/6252";17;"2011-06-22";"2011-06-29";"2011-06-29";"2011-06-29";"2011-06-30";7;0;0;1;8;1;0;0;5;1;0;0
"17/6253";17;"2011-06-22";"2011-06-29";"2011-06-29";"2011-06-29";"2011-06-30";7;0;0;1;8;1;0;0;1;1;0;0
"17/6254";17;"2011-06-22";"2011-06-29";"2011-06-29";"2011-06-29";"2011-06-30";7;0;0;1;8;1;0;0;1;1;0;0
"17/6255";17;"2011-06-22";"2011-06-30";"2011-09-22";"2011-10-26";"2011-10-27";8;84;34;1;127;1;0;0;5;0;0;0
"17/6256";17;"2011-06-22";"2011-07-01";"2011-07-06";"2011-10-26";"2011-10-27";9;5;112;1;127;1;1;0;10;0;0;0
"17/6257";17;"2011-06-22";"2011-06-30";"2011-07-06";"2011-07-12";"2011-09-21";8;6;6;71;91;1;1;0;5;0;0;0
"17/6258";17;"2011-06-22";"2011-06-30";"2011-07-06";"2011-07-12";"2011-09-21";8;6;6;71;91;1;1;0;5;0;0;0
"17/6259";17;"2011-06-22";"2011-06-30";"2011-07-06";"2011-07-12";"2011-09-21";8;6;6;71;91;1;1;0;5;0;0;0
"17/6260";17;"2011-06-22";"2011-07-01";"2011-09-15";"2011-09-28";"2011-09-29";9;76;13;1;99;1;1;0;10;1;0;0
"17/6261";17;"2011-06-22";"2011-07-07";"2011-09-21";"2013-03-13";"2013-03-14";15;76;539;1;631;1;0;0;13;0;0;0
"17/6262";17;"2011-06-22";"2011-07-07";"2011-09-13";"2011-09-21";"2011-09-22";15;68;8;1;92;1;0;0;1;1;0;0
"17/6263";17;"2011-06-22";"2011-06-30";"2011-09-08";"2011-10-26";"2011-10-27";8;70;48;1;127;1;1;0;5;0;0;0
"17/6276";17;"2011-06-24";"2011-06-30";"2011-07-06";"2011-09-21";"2011-09-23";6;6;77;2;91;1;1;0;2;1;0;0
"17/6277";17;"2011-06-24";"2011-07-01";"2011-08-05";"2011-09-21";"2011-09-23";7;35;47;2;91;1;0;0;2;1;0;0
"17/6278";17;"2011-06-24";"2011-06-30";"2011-09-09";"2011-09-21";"2011-09-22";6;71;12;1;90;1;0;0;12;0;0;0
"17/6290";17;"2011-06-28";"2011-06-30";"2011-09-05";"2011-09-22";"2011-09-29";2;67;17;7;93;1;0;0;3;0;0;0
"17/6332";17;"2011-06-29";"2011-07-07";"2011-09-28";"2011-11-30";"2011-12-01";8;83;63;1;155;1;1;0;6;0;0;0
"17/6334";17;"2011-06-29";"2011-07-07";"2011-09-13";"2011-09-28";"2011-09-29";8;68;15;1;92;1;0;0;1;1;0;0
"17/6600";17;"2011-08-12";"2011-09-09";"2011-09-28";"2011-11-18";"2011-11-25";28;19;51;7;105;1;0;0;5;1;0;0
"17/6610";17;"2011-07-15";"2011-09-08";"2011-10-19";"2011-10-31";"2011-11-10";55;41;12;10;118;1;1;0;13;0;0;0
"17/6611";17;"2011-07-15";"2011-09-08";"2011-10-19";"2011-10-26";"2011-10-27";55;41;7;1;104;1;1;0;7;1;0;0
"17/6612";17;"2011-07-15";"2011-09-08";"2011-10-19";"2011-10-26";"2011-10-27";55;41;7;1;104;1;0;0;7;1;0;0
"17/6613";17;"2011-07-15";"2011-09-22";"2011-09-28";"2011-10-11";"2011-10-20";69;6;13;9;97;1;1;0;5;0;0;0
"17/6614";17;"2011-07-15";"2011-09-22";"2011-09-28";"2011-10-11";"2011-10-20";69;6;13;9;97;1;1;0;5;0;0;0
"17/6615";17;"2011-07-15";"2011-09-08";"2011-09-21";"2011-09-26";"2011-09-29";55;13;5;3;76;1;1;0;1;1;0;0
"17/6642";17;"2011-07-20";"2011-09-22";"2011-09-28";"2011-09-28";"2011-09-29";64;6;0;1;71;1;0;0;6;0;0;0
"17/6643";17;"2011-07-20";"2011-09-21";"2011-09-28";"2011-11-30";"2011-12-01";63;7;63;1;134;1;1;0;3;0;0;0
"17/6644";17;"2011-07-20";"2011-09-21";"2011-11-09";"2011-11-30";"2011-12-01";63;49;21;1;134;1;0;0;13;0;0;0
"17/6764";17;"2011-08-03";"2011-09-21";"2011-09-28";"2011-11-30";"2011-12-01";49;7;63;1;120;1;0;0;2;1;0;0
"17/6804";17;"2011-08-17";"2011-09-29";"2011-10-19";"2011-11-30";"2011-12-01";43;20;42;1;106;1;1;0;5;0;0;0
"17/6851";17;"2011-08-25";"2011-09-08";"2011-09-28";"2011-09-28";"2011-09-29";14;20;0;1;35;1;0;0;12;0;0;0
"17/6905";17;"2011-09-05";"2011-09-21";"2011-09-28";"2011-11-09";"2011-11-10";16;7;42;1;66;1;1;0;13;0;0;0
"17/6906";17;"2011-09-05";"2011-09-23";"2011-09-28";"2011-11-30";"2011-12-01";18;5;63;1;87;1;0;0;2;1;0;0
"17/6916";17;"2011-09-05";"2011-09-08";"2011-09-19";"2011-09-22";"2011-09-29";3;11;3;7;24;1;0;0;5;1;0;0
"17/6925";17;"2011-09-06";"2011-09-22";"2011-09-28";"2011-10-26";"2011-10-27";16;6;28;1;51;1;0;0;3;0;0;0
"17/716";17;"2010-02-15";"2010-02-25";"2010-03-03";"2010-05-05";"2010-05-06";10;6;63;1;80;1;0;0;5;0;1;0
"17/717";17;"2010-02-15";"2010-02-25";"2010-03-03";"2010-04-21";"2010-04-22";10;6;49;1;66;1;0;0;5;0;1;0
"17/718";17;"2010-02-15";"2010-02-25";"2010-03-19";"2010-03-24";"2010-04-22";10;22;5;29;66;1;0;0;12;0;1;0
"17/719";17;"2010-02-15";"2010-02-25";"2010-03-19";"2010-03-26";"2010-04-22";10;22;7;27;66;1;0;0;6;0;1;0
"17/758";17;"2010-02-19";"2010-02-25";"2010-03-03";"2010-03-03";"2010-03-04";6;6;0;1;13;1;1;0;6;0;1;0
"17/759";17;"2010-02-19";"2010-02-25";"2010-03-03";"2010-03-24";"2010-03-25";6;6;21;1;34;1;0;0;5;0;1;0
"17/760";17;"2010-02-19";"2010-03-04";"2010-03-24";"2010-03-24";"2010-03-25";13;20;0;1;34;1;1;0;12;0;1;0
"17/800";17;"2010-02-24";"2010-03-04";"2010-03-24";"2010-03-24";"2010-03-25";8;20;0;1;29;1;1;0;7;1;1;0
"17/8343";17;"2012-01-17";"2012-01-19";"2012-01-23";"2012-01-25";"2012-01-26";2;4;2;1;9;1;0;0;5;1;0;0
"17/8350";17;"2012-01-17";"2012-01-19";"2012-01-25";"2012-01-25";"2012-01-26";2;6;0;1;9;1;0;0;3;0;0;0
"17/8364";17;"2012-01-18";"2012-01-26";"2012-02-08";"2012-02-29";"2012-03-01";8;13;21;1;43;1;1;0;1;1;0;0
"17/8427";17;"2012-01-23";"2012-01-26";"2012-03-02";"2012-03-07";"2012-03-08";3;36;5;1;45;1;0;0;12;0;0;0
"17/8672";17;"2012-02-13";"2012-03-01";"2012-03-19";"2012-06-27";"2012-06-28";17;18;100;1;136;1;0;0;3;0;0;0
"17/8682";17;"2012-02-15";"2012-03-01";"2012-03-07";"2012-04-25";"2012-04-27";15;6;49;2;72;1;1;0;3;0;0;0
"17/8683";17;"2012-02-15";"2012-03-02";"2012-03-07";"2012-03-28";"2012-03-29";16;5;21;1;43;1;1;0;5;0;0;0
"17/8684";17;"2012-02-15";"2012-03-01";"2012-03-07";"2012-05-14";"2012-05-24";15;6;68;10;99;1;0;0;5;0;0;0
"17/8725";17;"2012-02-24";"2012-03-01";"2012-03-07";"2012-03-07";"2012-03-22";6;6;0;15;27;1;0;0;7;1;0;0
"17/8726";17;"2012-02-24";"2012-03-01";"2012-03-07";"2012-03-08";"2012-03-22";6;6;1;14;27;1;1;0;1;1;0;0
"17/8727";17;"2012-02-24";"2012-03-08";"2012-03-21";"2012-03-23";"2012-03-29";13;13;2;6;34;1;1;0;2;1;0;0
"17/8728";17;"2012-02-24";"2012-03-08";"2012-04-25";"2012-04-25";"2012-04-26";13;48;0;1;62;1;0;0;13;0;0;0
"17/8799";17;"2012-02-29";"2012-03-08";"2012-03-21";"2012-06-27";"2012-06-28";8;13;98;1;120;1;0;0;13;0;0;0
"17/8801";17;"2012-02-29";"2012-03-08";"2012-03-21";"2012-05-11";"2012-05-24";8;13;51;13;85;1;0;0;12;0;0;0
"17/8802";17;"2012-02-29";"2012-10-25";"2012-11-28";"2013-02-22";"2013-02-28";239;34;86;6;365;1;1;0;10;0;0;0
"17/8839";17;"2012-03-05";"2012-03-08";"2012-03-21";"2012-03-22";"2012-03-29";3;13;1;7;24;1;0;0;5;0;0;0
"17/8840";17;"2012-03-05";"2012-03-08";"2012-03-21";"2012-03-28";"2012-03-29";3;13;7;1;24;1;0;0;5;0;0;0
"17/8841";17;"2012-03-05";"2012-03-08";"2012-03-21";"2012-03-27";"2012-03-29";3;13;6;2;24;1;1;0;5;0;0;0
"17/8842";17;"2012-03-05";"2012-03-08";"2012-03-21";"2012-03-22";"2012-03-29";3;13;1;7;24;1;0;0;3;0;0;0
"17/8877";17;"2012-03-06";"2012-03-09";"2012-03-13";"2012-03-28";"2012-03-29";3;4;15;1;23;1;0;0;7;1;0;0
"17/8981";17;"2012-03-13";"2012-03-22";"2012-03-28";"2012-03-28";"2012-03-29";9;6;0;1;16;1;0;0;2;1;0;0
"17/8986";17;"2012-03-14";"2012-03-22";"2012-03-28";"2012-06-13";"2012-06-14";8;6;77;1;92;1;0;0;2;1;0;0
"17/8987";17;"2012-03-14";"2012-03-22";"2012-03-28";"2012-03-29";"2012-04-26";8;6;1;28;43;1;1;0;3;0;0;0
"17/8988";17;"2012-03-14";"2012-03-22";"2012-03-28";"2012-04-03";"2012-04-26";8;6;6;23;43;1;0;0;1;1;0;0
"17/8989";17;"2012-03-14";"2012-11-29";"2012-12-06";"2013-06-26";"2013-06-27";260;7;202;1;470;0;0;0;13;0;0;0
"17/9040";17;"2012-04-20";"2012-04-26";"2012-05-21";"2012-06-12";"2012-06-14";6;25;22;2;55;1;0;0;5;1;0;0
"17/9045";17;"2012-03-20";"2012-03-29";"2012-05-07";"2012-06-27";"2012-06-29";9;39;51;2;101;1;1;0;5;1;0;0
"17/9046";17;"2012-03-20";"2012-03-29";"2012-06-27";"2012-06-27";"2012-06-29";9;90;0;2;101;1;1;0;5;1;0;0
"17/9047";17;"2012-03-20";"2012-03-29";"2012-05-09";"2012-06-27";"2012-06-29";9;41;49;2;101;1;1;0;8;0;0;0
"17/9048";17;"2012-03-20";"2012-03-29";"2012-05-07";"2012-06-27";"2012-06-29";9;39;51;2;101;1;1;0;5;1;0;0
"17/9049";17;"2012-03-20";"2012-03-29";"2012-05-07";"2012-06-27";"2012-06-29";9;39;51;2;101;1;0;0;5;1;0;0
"17/9219";17;"2012-03-29";"2013-01-17";"2013-01-30";"2013-02-20";"2013-02-21";294;13;21;1;329;1;0;0;3;0;0;0
"17/9340";17;"2012-04-18";"2012-04-26";"2012-05-07";"2012-05-24";"2012-06-14";8;11;17;21;57;1;0;0;8;1;0;0
"17/9341";17;"2012-04-18";"2012-04-26";"2012-05-09";"2012-06-27";"2012-06-28";8;13;49;1;71;1;1;0;2;1;0;0
"17/9343";17;"2012-04-18";"2012-05-10";"2012-05-23";"2012-05-29";"2012-06-14";22;13;6;16;57;1;0;0;1;1;0;0
"17/9369";17;"2012-04-23";"2012-04-26";"2012-05-09";"2012-06-27";"2012-06-29";3;13;49;2;67;1;0;0;2;1;0;0
"17/9389";17;"2012-04-24";"2012-04-27";"2012-05-23";"2012-06-13";"2012-06-14";3;26;21;1;51;1;0;0;13;0;0;0
"17/983";17;"2010-03-10";"2010-03-17";"2010-03-24";"2010-04-21";"2010-04-22";7;7;28;1;43;1;1;0;5;1;1;0
"15/4735";15;"2005-01-26";"2005-02-17";"2005-02-23";"2005-02-23";"2005-03-10";22;6;0;15;43;1;1;0;6;0;0;0
"16/10289";16;"2008-09-22";"2008-09-25";"2008-10-15";"2008-11-12";"2008-11-13";3;20;28;1;52;1;0;0;2;0;0;0
"17/1297";17;"2010-03-31";"2010-04-22";"2010-05-05";"2010-06-16";"2010-06-18";22;13;42;2;79;1;0;0;2;1;1;0
